,Delta_Price,Delta_Avg_Vol.,Delta_Tot_Vol.,IT_Flag,Ticker
6,-0.0008340741918985152,-0.2714316864513765,-0.5783697615745598,0.0,0
7,-0.004430570013119417,0.26880589970165336,0.6106603389995084,0.0,0
8,0.002557073154159761,0.4080815671448645,-0.024400628478201125,0.0,0
9,-0.004397384962625983,-0.397176466912136,-0.37320557531659504,0.0,0
10,-0.003132015101122043,0.02149452908578442,0.04898517505268218,0.0,0
11,0.0022286151249368835,0.4490549132792889,-0.09858790911867676,0.0,0
12,0.0013326169236733687,-0.3644247207549773,-0.32919327512055263,0.0,0
13,0.0031280586766795353,0.225125664852041,0.6961298595325522,0.0,0
14,-0.0013185824026971105,-0.33441121347864056,-0.4525809980355435,0.0,0
15,0.00016228733339440637,0.3138375119093382,0.3526223831096138,0.0,0
16,-0.0015912835329047192,0.12864120833162151,-0.0918281316471362,0.0,0
17,-0.001958121262661039,-0.09228274246990108,-0.3005118683621064,0.0,0
18,0.000966582103310909,0.027943844439844767,0.04576946023937945,0.0,0
19,0.00023499935024795526,-0.23450413223140495,0.05255681818181812,0.0,0
20,0.0015784381333758812,1.1602840645118473,1.3209663503019846,0.0,0
21,0.00044367136651435335,-0.2285155805338459,-0.4347393003526833,0.0,0
22,-0.0027947637700154178,-0.1239942154709408,-0.11709653212819238,0.0,0
23,-0.0033884776515468173,-0.09115175765192196,0.4082414171799647,0.0,0
24,-0.002529057007625513,-0.1891150542615392,-0.26134514186513313,0.0,0
25,0.0006431542955995795,0.2027743606945953,0.12510442965343116,0.0,0
26,0.002104015204140941,-0.23778069717344474,-0.17914844310986355,0.0,0
27,0.0026543127615763487,0.3315250315385043,0.2608030060538584,0.0,0
28,-8.9047609680315e-05,0.2784778310373588,0.5356571239346226,0.0,0
29,-0.004135715843202159,-0.34153661153332704,-0.2567104101205512,0.0,0
6,-0.0006705098999282287,-0.020431274450642637,-0.11327893231314468,0.0,1
7,-0.004475177817130693,-0.15081401551049034,-0.2773184694736346,0.0,1
8,0.0005363369147117768,0.12582461791450686,-0.07099155426300917,0.0,1
9,0.0009309518593647592,-0.05665333942054285,0.0054899328889048684,0.0,1
10,-0.002442065394741566,-0.08091508260732783,-0.28538229705300466,0.0,1
11,0.0016351535665350971,0.1088365157150537,-0.010508062783467607,0.0,1
12,-0.0020791396439270304,0.06473619736760794,-0.07037956561728076,0.0,1
13,-0.009500434640676405,-0.023354985349147483,0.1314047170369368,0.0,1
14,0.002838669759952284,0.013100957467473416,-0.2198671357586216,0.0,1
15,0.004041228918413076,0.02740602075360044,-0.0377199815260324,0.0,1
16,-0.001992535932970218,-0.01875094632908192,-0.10712901343788828,0.0,1
17,0.00484722015434258,-0.036703819766300216,-0.3201624384125572,0.0,1
18,-0.01006251369026867,-0.0042904705348612016,0.1684774021393145,0.0,1
19,-0.005093850247419929,0.09146504906310726,0.3616757919590445,0.0,1
20,0.007467571296015719,-0.1211785602785146,-0.16844513011710005,0.0,1
21,-0.0005306700299164692,-0.029916349933584607,0.4771536979894739,0.0,1
22,0.0022470385508952533,0.07527333162698646,-0.16698999878897225,0.0,1
23,0.0019661148078624624,-0.02970698711043573,0.2384441226312364,0.0,1
24,-8.37209351538526e-05,0.14718681969260428,0.41243933410183575,0.0,1
25,-0.004937897293821103,-0.06592909018490756,-0.14835354200677453,0.0,1
26,0.006444831655214589,-0.0040074426911740355,-0.028383094872444392,0.0,1
27,-0.005416248588588911,-0.02764698738082649,-0.0482881653680054,0.0,1
28,-0.0019496297462472392,0.04075879402559335,-0.19149514011347532,0.0,1
29,0.006552889668978157,0.16786509557007046,0.7891186668291379,0.0,1
6,-0.006991758372486889,0.016950828296134368,-0.08441191766148692,0.0,2
7,0.002382279644850049,-0.07047920312282085,-0.20127565645230167,0.0,2
8,0.0021212185660193232,-0.010593125081324815,-0.2440831169658221,0.0,2
9,0.002468447165277832,-0.00863192783569311,-0.145844869633591,0.0,2
10,-0.0033564670149632825,-0.04151605261711167,-0.14812817082868435,0.0,2
11,0.003989469050791783,-0.03654134659957864,-0.07874338629124555,0.0,2
12,-0.003140983433330913,0.05754451492200885,-0.02071324681649367,0.0,2
13,-0.0008766449272143984,0.008326888168285196,-0.17420796030142893,0.0,2
14,0.0012721045776185047,0.02184905060167708,-0.06836397543882933,0.0,2
15,0.0014456732955527851,0.028717354406166292,0.3504021769161396,0.0,2
16,-0.0008539120753672247,-0.03923791556868539,-0.31819462727128844,0.0,2
17,-0.0019077639042107688,0.2323011776056845,0.4485197116990618,0.0,2
18,-0.0023092460633239442,-0.14153911626215998,-0.16979298178411684,0.0,2
19,-0.0010817793455046854,0.014933355686652659,-0.16300270873417674,0.0,2
20,-0.0009733101203944774,-0.07639466545554663,-0.2673526670954169,0.0,2
21,0.0006983337327499672,0.05203901743565642,0.7994676835276202,0.0,2
22,0.0013992042946131544,-0.015419764122633906,-0.3366560807130372,0.0,2
23,0.000972730827402568,-0.014204973108981387,0.5620783029850842,0.0,2
24,0.00035888165144060125,-0.0878715508429897,-0.24851115109740415,0.0,2
25,-0.0009595953484952123,0.18390335045623815,0.4477281278195213,0.0,2
26,-0.002592347862449218,-0.08506057911951881,-0.05343885106280977,0.0,2
27,-0.0024085373749712646,-0.015134922127747141,0.030546285239049675,0.0,2
28,-0.0011540524785842445,0.04482774389149325,0.366270791220644,0.0,2
29,0.0026053859648187405,-0.06655682781375682,0.05492639374801223,0.0,2
7,-0.002734129945927588,-0.1721719844114845,-0.3437170836289441,0.0,3
8,0.005343226132225487,0.005519797644733425,0.2836206365964862,0.0,3
9,-0.0010242062782286343,-0.07955650078079979,-0.4585368852333047,0.0,3
10,-0.003173448418568814,0.050119495453587966,0.03822814500628402,0.0,3
11,-0.001998704249772332,0.021850147796431685,-0.0701080056731136,0.0,3
12,0.0020827206286695432,-0.02863959739782285,-0.2932385203721648,0.0,3
13,-0.0036160586568489968,0.06373088579141872,-0.15138108493493485,0.0,3
14,0.0009741719695515184,-0.03641400815945128,0.01134244781199567,0.0,3
15,0.005587851716752912,-0.06154775993459372,0.08847534779843969,0.0,3
16,-0.007273720692363761,0.0035267929962510274,-0.13563913631238944,0.0,3
17,0.008514921960157462,0.13570030260694546,-0.07734835091016246,0.0,3
18,-0.0019233199316081027,0.09918720425563166,-0.18460294666127688,0.0,3
19,-0.00025370347571884716,-0.0747923188798777,0.028008534577913524,0.0,3
20,-0.006472438944110204,0.20375430622200771,0.4161815367317741,0.0,3
21,0.002969879618855309,-0.25060906628102764,-0.334915546324412,0.0,3
22,0.001771885080088076,-0.016071949215460513,0.09202155495523524,0.0,3
23,-0.0008781890303313222,0.08567879157890346,0.09670091129036427,0.0,3
24,-0.002204423473575634,0.036911565285238535,0.8009173856869882,0.0,3
25,-0.0007659284884982133,-0.06038394528811075,-0.18374041106041306,0.0,3
26,0.0008720794817864698,-0.021990179232689755,0.013025992534999142,0.0,3
27,-0.00010057597940971165,0.048386078768703385,0.2894137463955919,0.0,3
28,-0.00250340297609164,0.014988689625749174,-0.2244955698218949,0.0,3
29,0.002033813741691759,0.019685935385075792,0.14703764331169775,0.0,3
30,0.0015636811120660619,0.1357969760518476,0.481286550516288,0.0,3
7,0.002376051462907425,-0.10762277873818604,-0.12111731341644914,0.0,4
8,-0.002315564846687379,0.008922856352761688,0.16238741241774113,0.0,4
9,0.0016683699683743836,-0.07601279766912428,-0.3263668720436912,0.0,4
10,-0.0010381369534794294,-0.023874769089374026,0.03776670789376469,0.0,4
11,0.004637020904430411,0.006770961680516496,-0.3080990499118921,0.0,4
12,0.002621039655160917,0.1793234857748438,-0.0003914654311787391,0.0,4
13,-0.003485755729733864,0.19361950208903767,-0.14384313740289134,0.0,4
14,-0.00013406946546767884,-0.015796166865334915,-0.029705729507578882,0.0,4
15,-0.002294752794297694,-0.10889152813513958,-0.13011957858749099,0.0,4
16,0.0016446792524418274,0.006877369482907182,-0.1999124757558888,0.0,4
17,0.004655935696712188,0.007833386313081503,-0.09145717015885536,0.0,4
18,-0.0007397606541901247,-0.10300101527468096,-0.16763253693562508,0.0,4
19,-0.00040910303251129315,-0.010432924229561436,0.4811356458981191,0.0,4
20,0.007379098716417066,0.16749893160323134,0.23541508390834665,0.0,4
21,-0.0051447931585565385,0.0007492062437948199,-0.048005242265518056,0.0,4
22,-0.005548269115718041,-0.057671977229056925,-0.2734676344113193,0.0,4
23,-0.00243450773837317,-0.09306781620996618,0.5175990087024955,0.0,4
24,-0.005009879816169739,-0.01401412800502988,-0.2264386289245547,0.0,4
25,0.0023808036269867827,-0.04793812456082969,0.2325692409552276,0.0,4
26,0.0010555468414226166,-0.004925227325198622,-0.13624824323521845,0.0,4
27,-0.0016909007092438255,0.18207907085048847,0.3241526501716654,0.0,4
28,0.002179910396048701,-0.10713367315612644,0.23934500131552736,0.0,4
29,-0.0009694525591789073,0.09605234742994596,0.07493843973744041,0.0,4
30,0.0030721285280193023,0.08002739983673758,0.09472941379523124,0.0,4
1,-0.0001570379397809463,-0.10460779251506758,-0.2740797993973372,0.0,5
2,-0.00412959220153386,0.35353369879969065,-0.057088883982237874,0.0,5
3,-0.006527020847911014,-0.22737643465604815,-0.09722121038663678,0.0,5
4,0.0013414517133687465,-0.05999816698870941,-0.2056119478692928,0.0,5
5,-0.000679631104668732,-0.12682552192600227,-0.29163522377662976,0.0,5
6,-0.002923090582717669,0.4512870668749571,0.6428439727935753,0.0,5
7,0.0007886747640530878,-0.35184359931592146,-0.4568808025888354,0.0,5
8,0.0015289426577098642,0.2016552977250288,-0.0023993754735609496,0.0,5
9,-0.001093557655204025,-0.16473602339741955,-0.283381474619377,0.0,5
10,0.001981006321007728,0.04904093064048976,0.18451310380267216,0.0,5
11,0.002914940574202829,-0.011092638348654038,0.3746102329112551,0.0,5
12,0.0010527623224172444,0.10254272334255488,0.21186657987652133,0.0,5
13,-0.002578511800054528,0.9204324361340616,0.31592011458706337,0.0,5
14,-0.004008084448613114,-0.3817473598086663,-0.2605213519280126,0.0,5
15,0.003189007864653481,-0.3031404771206413,-0.5234590616375345,0.0,5
16,-0.004570556460423925,0.5793385188419049,1.396051246051246,0.0,5
17,0.005097879925435978,-0.0149796455083826,0.5698067049008622,0.0,5
18,-0.004276480620143519,0.1814241560900569,0.020777245346932816,0.0,5
19,0.005306443224556201,-0.2862141486469135,-0.355252452302376,0.0,5
20,0.0008400058731743433,0.478144662661802,0.617642888539141,0.0,5
21,-0.00157495968337118,-0.14993401064243786,-0.0498433220116139,0.0,5
22,0.0038696447956378943,-0.2975485368132792,0.060972684753830775,0.0,5
23,-0.006657125905375816,0.025837598839152376,-0.3752266097443277,0.0,5
24,0.0023774987489812997,0.1972406800261055,0.7089645190695215,0.0,5
1,0.002073565948880862,0.2486039119270298,0.4015949050880492,0.0,6
2,0.0003523383466053076,-0.2597329235187934,-0.3066512593521093,0.0,6
3,0.002210867170947539,-0.1363096418273989,-0.31489223468263605,0.0,6
4,-0.008634631242589895,0.3129032923083266,0.3129032923083266,0.0,6
5,0.002327205400159737,0.13343238288997128,-0.011603988380309294,0.0,6
6,0.010955856188935796,0.060421942420946013,0.11805356972643223,0.0,6
7,-0.0049180406326604365,-0.2571010415334555,-0.32602981087571226,0.0,6
8,0.0016404219520025356,0.5172222735247944,0.9051484230055659,0.0,6
9,-0.005860142150515335,-0.02410062009143144,-0.04176395728434679,0.0,6
10,0.011328783068218495,-0.017579462882288618,0.43967617881766,0.0,6
11,-0.01183669064922821,-0.06533991503161485,0.3637807529098449,0.0,6
12,0.0026334119231035125,-0.3817353524557783,-0.7095222130072406,0.0,6
13,-0.0009816439216752126,0.7479925361742175,0.5475346765212108,0.0,6
14,-0.006276762391284274,-0.5070726440290922,-0.3333987569512594,0.0,6
15,-0.02126109934605447,0.31468762134783024,1.7804887623908137,0.0,6
16,-0.012035193560374302,0.316483035621326,0.5621311382825516,0.0,6
17,0.014690965032874813,0.10249351959296904,-0.4647436042281463,0.0,6
18,0.013367132322614994,-0.3612553660346556,-0.2447547724183349,0.0,6
19,0.002336234681297622,-0.3887064036286646,-0.7008563251799849,0.0,6
20,-0.00137371111424045,0.7137584191659454,2.269180462648081,0.0,6
21,0.01365942312282864,-0.22076619934435385,-0.21410608139003195,0.0,6
22,-0.005188793000086123,0.4127505736981465,0.6442181818181818,0.0,6
23,0.0033339106287917364,0.44320796683854025,0.34862880396319884,0.0,6
24,-0.006479977070565468,-0.3125205442111424,-0.2446654290943201,0.0,6
6,-5.705768652108922e-06,-0.05382148114780205,-0.2299319692923727,0.0,7
7,-0.0048400617605486316,-0.022607298816221918,-0.1765440133500209,0.0,7
8,-0.001278627996028514,-0.008230972445401608,-0.0171200674426899,0.0,7
9,-0.0051995253396153185,0.021187796780731242,0.0515331705868769,0.0,7
10,0.0024815481849509435,-0.11823038091021455,-0.03857239775530297,0.0,7
11,-0.0014924209074154149,0.006742114899635388,0.10173964472905994,0.0,7
12,0.010509688987210277,0.08790395184820454,-0.12258429961348792,0.0,7
13,-0.007827065295741398,0.1759072899656957,-0.16291345460069118,0.0,7
14,0.000642684654618142,-0.13360481485215614,-0.06537222701084244,0.0,7
15,-0.001852473907448804,-0.21598449729199265,-0.33045874726294105,0.0,7
16,0.003423588465097049,0.5961686870231218,0.3073986064682428,0.0,7
17,0.007408084581532527,-0.1743529413835686,0.05209880042142356,0.0,7
18,-0.00281418922542076,-0.28259754922327,-0.5873227806960524,0.0,7
19,-0.00724407916288372,0.4441224883593706,1.8069533134667235,0.0,7
20,-0.007112167851507922,0.10209043033154774,0.11147791270234464,0.0,7
21,-0.002584949485917365,-0.1977609630127245,-0.15846209126841534,0.0,7
22,0.004263215792386088,0.28660663928174296,0.4875741819714838,0.0,7
23,-0.002861757930949116,-0.02474701624220832,-0.18638365282602065,0.0,7
24,0.006734110048099985,-0.13910982931125748,0.6283615415531639,0.0,7
25,-0.007506908576558557,0.17580581643679882,-0.31298901104928434,0.0,7
26,-0.009608889385522623,-0.01347975980775773,0.4738195129156004,0.0,7
27,0.004629627711212336,-0.2505808787794481,-0.2619471950770298,0.0,7
28,0.0016985648656491215,0.06972585650194517,0.14550725701389022,0.0,7
29,-0.004992852898617728,-0.030600191581196763,0.3365262938698361,0.0,7
0,0.006587197225639274,-0.19910262106139,-0.03513937812907608,0.0,8
1,-0.0056132836170439395,-0.4146329797198936,-0.3706348049929574,0.0,8
2,0.008556099834471144,-0.012547130289065732,-0.2646627565982405,0.0,8
3,-0.0007093226180856503,0.22469539279543027,-0.0052474156477934075,0.0,8
4,-0.00251921956029566,0.25531437740182605,0.17961702801076118,0.0,8
5,-0.009652808279917213,-0.07674522032534759,-0.3384163610887517,0.0,8
6,0.002273987481742345,0.9590553246794388,1.9532028028749744,0.0,8
7,0.0115108252831555,-0.6744329025756278,-0.64703369140625,0.0,8
8,-0.0017875339217067188,0.5538928002686301,0.22040895728860452,0.0,8
9,-0.0026853367468235856,-0.5416792917415201,-0.5550025681443829,0.0,8
10,-0.010181872842608521,0.8878612343686971,0.25480597014925377,0.0,8
11,0.0013220908106779115,0.1016015576392395,0.2901639864243346,0.0,8
12,0.0007393394760046856,-0.4175300009068284,-0.4533743085433313,0.0,8
13,0.0013534046671563882,1.4330955196155677,0.6553026895745255,0.0,8
14,0.0007641767574544378,-0.162197043799587,0.31222149766329754,0.0,8
15,-0.013820295046060638,0.28648783999499217,-0.14893881354177452,0.0,8
16,0.004976980626503202,-0.4181383248642749,-0.6211133278185976,0.0,8
17,0.0054799083960355155,-0.093999066180384,-0.0454633018686188,0.0,8
18,0.003429285282782635,-0.16754297448970554,-0.1957618567103936,0.0,8
19,0.002205671735936887,0.4445173337021706,2.218485989125889,0.0,8
20,-0.004956451182605237,0.28979410471165346,0.04605348649842767,0.0,8
21,0.0019831966742664964,-0.4133272713805161,-0.3905438644438372,0.0,8
22,-0.002034852315314417,-0.13138311514755552,0.2258051365674685,0.0,8
23,-0.0044660446111115535,0.19357119385344607,0.5255578835345371,0.0,8
1,0.012799343442416513,0.035708234607938705,0.17702047548931366,0.0,9
2,-0.006990671111710367,-0.024101581648092285,-0.3442579797635402,0.0,9
3,0.002554721954100669,0.04680041561715242,-0.3503679773670024,0.0,9
4,-0.005626190682768151,0.0020332298942751237,-0.022898876536743492,0.0,9
5,-0.0050014344748006145,0.08676158283002833,-0.2261940613142204,0.0,9
6,0.0003333660808200189,-0.07360998226147097,-0.18110916520723874,0.0,9
7,0.005496215552412309,0.09558223777216956,0.38322545077799,0.0,9
8,-0.008115928385681648,-0.11099061392138188,-0.3570314378972685,0.0,9
9,-0.0016938243644100126,0.033757878151260634,-0.1585691689466484,0.0,9
10,-0.006257194253942111,0.16736086547271056,0.9435800383584612,0.0,9
11,0.004052868109930774,-0.055377348641465485,-0.2823225722127827,0.0,9
12,0.0010006650010869755,-0.10457245280045192,-0.12847503619592238,0.0,9
13,0.0048654995009485,0.2032481044895167,-0.1191411555741302,0.0,9
14,0.003936847956792944,0.12959702295173314,0.5820868966989692,0.0,9
15,-0.0049361607193508785,-0.25192231182893665,-0.3889159625433908,0.0,9
16,0.002703152018455057,-0.13718874242797094,0.1062240053001582,0.0,9
17,-0.006846140401020495,0.08900816468350238,0.9405312482670659,0.0,9
18,-0.007423047899297486,-0.07686913958469888,-0.2600704128754973,0.0,9
19,-0.004287328009652813,0.07231479978275468,0.14753908422418593,0.0,9
20,0.002863293074291784,-0.15393802006676882,0.1146703463130616,0.0,9
21,-0.00145929248247334,0.3540375968724905,-0.3368518306048877,0.0,9
22,0.0042543083874024825,-0.009347677155626122,0.4386166202261925,0.0,9
23,0.002278340328014883,-0.2348195077093971,-0.3208891927132784,0.0,9
24,-0.0015725708932102787,0.058134648236241926,0.2707428464908193,0.0,9
1,-0.00019978628611527768,-0.28389453257977504,-0.5185159820194498,0.0,10
2,0.00041562079307899685,0.4384886175907325,0.9443977500484904,0.0,10
3,-0.00047386899659795917,-0.37713312626668427,-0.5235751812196582,0.0,10
4,-0.0015138839667520054,-0.06630435144576419,-0.03760469011725298,0.0,10
5,0.0008953865384122572,0.1468712701087993,-0.21793867664549071,0.0,10
6,0.0009235779780323304,-0.14288341937319615,-0.0879080118694362,0.0,10
7,0.001525317635163059,0.16784348130773252,0.4334078893859292,0.0,10
8,-0.0010615888084897216,0.2673191150712697,0.16830980920632665,0.0,10
9,0.002925887803166382,-0.11341272353220445,-0.044718309859154926,0.0,10
10,0.0007792223969975697,-0.14220235959520022,-0.15955107591799378,0.0,10
11,0.0028336317680874856,0.2770218786217826,0.7690853547879741,0.0,10
12,-0.001866347205268237,-0.16777385164263958,-0.3661853837013481,0.0,10
13,-0.0011892554294112845,-0.035503464026723115,-0.27662759802004233,0.0,10
14,-0.0010317238900214851,0.6079015407180901,0.6778103033580072,0.0,10
15,-0.0021444259492839897,-0.363713694306534,-0.3584113084257551,0.0,10
16,-1.4019034928813847e-05,0.25617908820211444,0.5918522880798143,0.0,10
17,-0.0004536122525227171,-0.13043265888402097,0.12854717966573825,0.0,10
18,-0.001866328012347984,-0.11035627496381373,-0.012003702346747858,0.0,10
19,-0.00017755518158701908,-0.007303939202739863,-0.1899719926224469,0.0,10
20,0.0005879695099979543,0.1794486630809764,0.8574681348336264,0.0,10
21,0.0013957939359467984,0.0036072019974782155,-0.36744475648750496,0.0,10
22,-0.0008856215096086918,-0.15956989643671848,-0.11887868099417598,0.0,10
23,-0.0011239700089282767,-0.05528123180274835,-0.1693858077128959,0.0,10
24,-0.0018728027821610649,0.06419461429708884,0.16308946734287866,0.0,10
3,-0.021493146204295432,-0.27602158301147883,-0.06879268168102526,0.0,11
4,-0.0008064047015369225,0.05860252644749697,-0.056680892625857286,0.0,11
5,-0.03983569503049167,-0.06395338708319442,-0.07787969163243491,0.0,11
6,0.021788450587717056,-0.03316084970442823,-0.17709159699762012,0.0,11
7,0.0045183464684335215,0.003435073164291369,0.19293041651217413,0.0,11
8,-0.03842499037329628,0.27084467967601,0.3033609614587651,0.0,11
9,0.02862749349495841,0.01905050085989446,-0.2807325466903656,0.0,11
10,0.016251673091648655,-0.2780752051489757,-0.5087934385549732,0.0,11
11,0.014551835550884462,-0.04866065893100702,-0.1660336945174412,0.0,11
12,-0.039468684268481165,-0.12791910998833722,0.04219049571764133,0.0,11
13,-0.0066632370896314574,0.2464222516706791,0.2077934628792324,0.0,11
14,-0.017435870110897422,-0.012565308446259471,-0.1915246875125024,0.0,11
15,0.02444991304279953,0.013128648404712616,-0.22432337856514195,0.0,11
16,0.01852991883709465,-0.09713315917542263,-0.12784291566605455,0.0,11
17,-0.034709012089196745,3.6650979450639047,1.6939297992622548,0.0,11
18,0.019727056387139896,-0.7644874008958701,-0.5806726893999635,0.0,11
19,-0.028731421734946694,-0.2020712398950706,-0.43434502280232745,0.0,11
20,0.015295365285499463,0.17471889426693846,0.6627663575855696,0.0,11
21,0.04551035569851458,0.007311855517754928,0.01074977993931725,0.0,11
22,-0.010656548261721131,0.5864561188217371,1.8221651365434297,0.0,11
23,0.019550138297549813,0.7560960454976233,0.2759397653711222,0.0,11
24,-0.032368640656569414,-0.62499254927154,-0.4552523347312897,0.0,11
25,0.006592770439998841,-0.06577637954176352,-0.4838076010149237,0.0,11
26,0.009733873976504492,0.4467572357945224,1.414424370555449,0.0,11
1,0.0011824410696941179,-0.8811556589988895,-0.8619872169019362,0.0,12
2,-0.001873288187254629,0.6247000218280314,0.8729180807184254,0.0,12
3,0.004848124700203682,-0.03007198561667135,0.1335303300624442,0.0,12
4,-0.003380944752574666,0.4057444058889888,0.7970340858787075,0.0,12
5,0.0037930350706747436,0.27828022451744583,-0.4227121566695405,0.0,12
6,0.014735323961471591,-0.5104349914724657,-0.5366616883578692,0.0,12
7,0.00467867705363223,-0.016115786689560263,1.1905346635968277,0.0,12
8,-0.002574669486829495,-0.03989924216018481,-0.471130938478068,0.0,12
9,-0.013507036184661536,-0.0686661320900791,0.1892417082542066,0.0,12
10,-0.00768480920258563,0.1424520944741532,-0.1741310160427807,0.0,12
11,0.0008387698463372395,-0.2284619230128311,-0.562795089707271,0.0,12
12,-0.0028447651539611485,-0.1991055462106811,-0.2697727038979739,0.0,12
13,-0.0003607984015563392,0.12277709736680965,0.666056338028169,0.0,12
14,0.0009585380213332774,-0.1574379350184576,-0.010905401978189231,0.0,12
15,-0.006295526798669515,0.0665865384615385,0.26410256410256405,0.0,12
16,-0.0007762313397433608,0.3789679992468396,0.7021636240703177,0.0,12
17,0.0046696415282057036,0.470953326713009,-0.10625620655412116,0.0,12
18,-2.26973469683589e-05,-0.2995343283582089,-0.022266666666666657,0.0,12
19,0.0005337876353546099,-0.3503369471339607,-0.5345697531705986,0.0,12
20,0.0007263477843217903,0.7511157748417474,2.1374157632581308,0.0,12
21,-0.004503182686581121,-0.178534141739222,0.2417507159755945,0.0,12
22,0.0011765964274255134,0.1679794434695412,-0.10155427425419904,0.0,12
23,0.0025601419176182194,0.10389845761404913,0.18117134964703266,0.0,12
24,-0.003688647999004147,-0.4183317310918386,-0.2498110176698479,0.0,12
0,0.0023516870422946035,-0.3508314203574752,-0.3080290964250009,0.0,13
1,-0.002605739547556718,-0.07036993555872118,-0.03203467516939018,0.0,13
2,-0.003263259676957841,-0.04933990426681767,-0.2470019043697565,0.0,13
3,0.00042480763343366584,0.4493509468596806,0.2807245386192754,0.0,13
4,0.00020253953320703566,-0.5084738213107216,-0.5763996370817099,0.0,13
5,-3.708204857355568e-05,0.23675902126641435,-0.04119944563437072,0.0,13
6,-0.0006702710237609378,0.07168485402502434,0.04375821287779247,0.0,13
7,-0.00017530890337946747,-0.26799044235473923,-0.29736875236056903,0.0,13
8,-0.005373924711220668,0.41262219036811404,0.5504389894284178,0.0,13
9,0.003167558997634989,0.7049754043583779,0.7428637466774528,0.0,13
10,-0.004456912452832307,-0.5645955222976151,-0.5760891187587031,0.0,13
11,0.00032778663357113663,0.7867521597649069,0.7383075238542156,0.0,13
12,0.001706767021661726,-0.5119382247390825,-0.7639701250787366,0.0,13
13,-0.0012776814832006214,0.5362565155684842,1.4788410217308423,0.0,13
14,-0.0002668526817375394,-0.3241932885119596,-0.3738849584743156,0.0,13
15,0.0012004532773828294,0.049583578630152836,0.2780643576516826,0.0,13
16,-0.0023236551034114816,0.11578498487714572,0.26330962906015754,0.0,13
17,0.0011686196455675812,-0.2329912692687092,-0.2569602921040621,0.0,13
18,0.001467119375361703,0.1159802950847728,0.3963963963963963,0.0,13
19,-0.0016701696931185062,0.2867880336420741,0.0580645161290323,0.0,13
20,-0.0005471976091403485,-0.1678223605662631,-0.10740022172949004,0.0,13
21,-8.851335701554053e-05,0.12394542163219754,0.32106815711845993,0.0,13
22,0.001097722687176894,-0.2032106388002388,-0.19591021271594775,0.0,13
23,-0.0006721840876324768,-0.013659070029648834,0.2895352236188249,0.0,13
0,0.008439160551619418,-0.7023809523809523,-0.9319727891156464,0.0,14
1,0.00034305317324179185,0.09090909090909104,2.0,0.0,14
2,0.002706410113817892,0.972072072072072,2.316666666666667,0.0,14
3,-0.007675038486619434,-0.019643672910004573,-0.4170854271356784,0.0,14
4,-0.006422617398943342,-0.3044965517241378,-0.20965517241379306,0.0,14
5,0.00021249064406836385,-0.09337862544668828,-0.23843804537521815,0.0,14
6,0.007611573523583327,0.7204239472930392,1.0481237467774278,0.0,14
7,-0.013616727847175158,0.6421078921078922,2.6783216783216783,0.0,14
8,-0.013980988751770118,-0.4472283370022013,-0.6249049429657795,0.0,14
9,0.01853610356325963,-0.2990273453527381,-0.22524075012671066,0.0,14
10,-0.009871503676996185,0.3345544943085175,-0.5551485018971608,0.0,14
11,0.008188975546948418,0.8740712074303405,4.086764705882353,0.0,14
12,0.00642156255701809,-0.6841572708875397,-0.8670135877421221,0.0,14
13,-0.008903303627537773,1.426299045599151,5.217391304347826,0.0,14
14,0.01118800175789425,-0.5438652256834074,-0.7552447552447552,0.0,14
15,-0.012141164660117163,0.2571428571428571,0.9428571428571428,0.0,14
16,-0.02547338410631783,-0.2142857142857143,-0.8382352941176471,0.0,14
17,0.009063908234330231,0.2727272727272727,0.4545454545454546,0.0,14
18,0.015307436867712187,-0.021739130434782702,1.8125,0.0,14
19,0.0011024649498103667,0.19846743295019165,0.5111111111111111,0.0,14
20,0.002362128808329533,0.7640374331550801,0.33823529411764697,0.0,14
21,0.014133769935116502,-0.5501194457716196,-0.5296703296703297,0.0,14
22,0.0006910014563648037,0.73428207306712,-0.17056074766355145,0.0,14
23,-0.026986506746626397,-0.18309859154929586,-0.18309859154929573,0.0,14
1,0.001997822255672244,4.127191740498452,3.7266298857720095,0.0,15
2,0.013389233153650926,-0.6098834199924177,-0.5635984020254163,0.0,15
3,-0.017991763377477432,-0.5930913961616542,-0.33414955735543417,0.0,15
4,0.0005307480222991323,1.3352332404386122,1.1838755304101838,0.0,15
5,0.01002791045983109,-0.6616915574519964,-0.7722279792746114,0.0,15
6,0.0008488291224573175,0.08795875037913259,0.295950864422202,0.0,15
7,0.00829453177248185,0.02154001810533046,0.12243285939968394,0.0,15
8,-0.014843837308471053,-0.19135194307608092,-0.5457033388067871,0.0,15
9,-0.005121446547856068,0.2975489999866574,2.3476764199655764,0.0,15
10,0.013273088542719023,0.04667803858443653,-0.1318251928020565,0.0,15
11,-0.0076115018240066066,0.15765780394524187,-0.32920762762051403,0.0,15
12,0.008334087076726115,0.3828664390694629,1.297342632647656,0.0,15
13,-0.005341566782527729,-0.3091607626800256,0.07985550687879495,0.0,15
14,-0.005050110074756087,-0.08969804809662463,-0.6268327402135232,0.0,15
15,0.01200754062663889,-0.003433148960518717,-0.09403013541865346,0.0,15
16,-0.004560243847789969,7.184682395644282,10.86778947368421,0.0,15
17,0.01267055920868998,-0.8437767393908532,-0.8168416944582417,0.0,15
18,-0.016005878827103803,3.301361312886737,2.4157869249394675,0.0,15
19,0.01218556736507348,-0.7742716772573867,-0.7937790631734151,0.0,15
20,-0.003265065571740111,-0.4068197442595903,-0.5992025299051286,0.0,15
21,0.004566843316716751,0.1528887587332135,0.89073756432247,0.0,15
22,0.007864549597928816,-0.045237623241191634,-0.05688106686020145,0.0,15
23,0.008736356040947245,0.8587211144557862,2.901019622931897,0.0,15
24,-0.008642933678011944,-0.3692435046152221,-0.3247195167057083,0.0,15
6,-0.00262865595343853,-0.1192602635370772,-0.3659149758648297,0.0,16
7,-0.008278595719980353,-0.09259139360338386,-0.186793913091713,0.0,16
8,-0.009459639730093006,0.13119187114626696,0.02225643624174145,0.0,16
9,0.007078079119970049,-0.15728791361125805,-0.4911190335474933,0.0,16
10,0.00951307854855088,0.061560886535598325,0.12400564456710406,0.0,16
11,-0.004581900557651064,0.021250813911384725,-0.041652315930983175,0.0,16
12,-0.0036721240414536727,-0.08403440381136107,-0.404681304922442,0.0,16
13,6.991868099381904e-05,0.07808460527911397,0.3812291873575977,0.0,16
14,-0.0009379093770849334,0.06577691304501078,0.029537203482429275,0.0,16
15,0.019209933821336067,0.09708939607258626,0.3639015371974392,0.0,16
16,-0.001052059637486891,0.032955260550666665,-0.14385690116521332,0.0,16
17,0.017701114057627088,-0.1192734240605544,0.6438405967068537,0.0,16
18,-0.017048946497344675,-0.19424459854764745,-0.5944409169062619,0.0,16
19,0.007590451716039227,0.11932025425343795,0.16372304119902892,0.0,16
20,0.012511528363298163,0.003383178237375661,0.014549604704246157,0.0,16
21,0.01451234360670095,0.08242010455403959,1.0337924920472914,0.0,16
22,-0.02583159777320076,-0.12909420317745446,-0.4541351951296346,0.0,16
23,-0.001215555648727662,0.2313800394941927,0.297141323312307,0.0,16
24,0.027179520502935484,0.4455818603251152,0.7350646663217797,0.0,16
25,-0.022217501500873867,-0.4426980221405297,-0.5568654811740432,0.0,16
26,-0.0044047101863028395,0.09670841553961296,-0.21934168561854905,0.0,16
27,0.016961456371358933,0.13014646909478111,0.9503460520758816,0.0,16
28,-0.0013724953635018133,-0.03209653061410445,-0.17021897165079436,0.0,16
29,0.00916378616676905,0.2254129958938471,0.5452875105849271,0.0,16
9,-0.003246942988964219,-0.2098051046458832,-0.26301007020020306,0.0,1
10,0.00425733387145666,-0.010223901043540984,-0.18187597830910684,0.0,1
11,-0.00029217415658777673,-0.05012126206905199,-0.18958956129331286,0.0,1
12,0.0007752006528209954,-0.07142166453406906,-0.2709870556227314,0.0,1
13,0.00045048405064229685,-0.042138862659307885,-0.11704467011140275,0.0,1
14,-0.0038414569945419696,0.14336740557554295,0.22385736354094374,0.0,1
15,0.0025445099835506024,0.019380409780806133,-0.03328263528060205,0.0,1
16,-0.001120163897409987,-0.13788891577360707,-0.3497901620964279,0.0,1
17,0.0009296569700456556,-0.006606994488209228,-0.2495370725031719,0.0,1
18,0.0014268127330869795,0.03312995960133636,0.13123432189338669,0.0,1
19,-0.0010133438666748427,0.13135411162884614,-0.033519129493641,0.0,1
20,0.001517420765005939,-0.062151865025445126,-0.1940035302599631,0.0,1
21,-0.00014877808872548748,0.2246768013613789,0.4188055981673939,0.0,1
22,-0.002449271242724205,-0.12100293992922495,-0.047239871994063536,0.0,1
23,0.002670327731532307,-0.0035998550638822726,-0.2015270860524856,0.0,1
24,-0.000889742146121808,0.15614552909302404,0.2349630339000919,0.0,1
25,0.0017474697657209324,-0.18966140956586552,-0.08133064634317544,0.0,1
26,0.0014277357373060349,0.058936651984931025,-0.04212442422882068,0.0,1
27,-0.001160675880223283,0.0018612411965848172,0.14445721605295736,0.0,1
28,-0.0005637131018081387,0.1506195360581366,0.3648306198987472,0.0,1
29,7.503475105918865e-06,-0.005781756639040014,0.052042052052153176,0.0,1
30,0.0013475027853877553,-0.19213983954937264,-0.2177647862080737,0.0,1
31,-0.002168198644182162,0.05384326744070478,0.05244559732473575,0.0,1
32,0.0005741097874814027,0.08068980846052831,0.43618365381998747,0.0,1
9,-0.001419371646468992,-0.24170621431236405,-0.30987040298657,0.0,17
10,-0.002187231097125375,-0.08307115075595473,-0.1877617084767944,0.0,17
11,-0.0010078117321874471,0.013111022979260143,-0.1865674825159721,0.0,17
12,0.0015101280373377435,0.0037758353595658267,-0.038901860822492466,0.0,17
13,-0.0005125379006296615,0.040592193953001184,-0.0039686335668629455,0.0,17
14,-0.0005105696450450337,0.055580620527866616,0.17179509849300412,0.0,17
15,0.001639975157480933,-0.059170952471863436,-0.1319545558508144,0.0,17
16,0.00250793476534672,0.1371748670464099,0.12000548105643948,0.0,17
17,0.0042737908127601365,0.0944350566129284,0.07765765842536054,0.0,17
18,-0.0013011719589290929,-0.15742400796290545,-0.17854409549462946,0.0,17
19,-0.0027386846116359553,-0.039387828175342254,-0.4749772583037273,0.0,17
20,9.996940584677818e-06,0.11979330892320815,0.1208221524631965,0.0,17
21,0.0005175599929636565,-0.04539950252630276,-0.1412626330785539,0.0,17
22,-0.0006681021974916933,0.031369206078587515,0.060836897680832676,0.0,17
23,0.00040938559427905474,0.16992899436538433,0.06129273060288432,0.0,17
24,0.002036560192454795,-0.15121700399421312,0.2414286732919284,0.0,17
25,0.0009724891590472406,-0.05772154529516371,-0.006711406129147335,0.0,17
26,-0.0006721105234058777,-0.015671225781517917,-0.11467663093415005,0.0,17
27,-0.0006909065424584028,-0.031169659711540176,0.15465016580750834,0.0,17
28,-0.0009708362380216328,-0.038248701680703164,-0.03328465977566697,0.0,17
29,5.992860019987667e-05,0.0965716127790044,0.22391541297269524,0.0,17
30,-0.0002361780045647688,-0.09441882477678988,-0.10542211144046708,0.0,17
31,0.0003598437382041908,0.10393071770032992,0.1297690769873212,0.0,17
32,-0.0013633351452604359,-0.11144887786630242,-0.03368769448237319,0.0,17
0,-0.003906492743647627,-0.10697056251821624,-0.6668858447488584,0.0,18
1,-0.0011402304582128766,-0.143377976545229,0.2575940344336001,0.0,18
2,0.000650705679910546,-0.14022828139470545,-0.2772933379839554,0.0,18
3,0.0018058817186679121,0.23829633204633185,0.23829633204633205,0.0,18
4,-0.002715725986251805,-0.1977316574101139,-0.3083893598363052,0.0,18
5,0.005116318888471527,0.21267621267621276,0.6007326007326008,0.0,18
6,-0.0025029992866766326,-0.06472252759114294,0.5021123041718007,0.0,18
7,0.0013431537025572204,0.051624270731319484,-0.4444249135759067,0.0,18
8,0.0022065581336969675,0.12335653518948185,-0.037122969837587005,0.0,18
9,-0.00218782406353546,0.2511452926329825,0.19901423877327493,0.0,18
10,0.003420073538005885,-0.4056819219877592,-0.4056819219877592,0.0,18
11,0.003022368777491957,0.1803403193432307,-0.12757454657239475,0.0,18
12,-0.0018965149077146968,0.060493305144467824,2.898872445384073,0.0,18
13,0.004167153148661118,0.05396635166375252,-0.4182105738816087,0.0,18
14,-0.0052607699198437,0.055766990291262086,-0.08194174757281557,0.0,18
15,-0.0011070295238182482,0.26896403803531865,0.5016074450084602,0.0,18
16,0.0009248115722679807,0.09547635112386964,-0.3674009803369204,0.0,18
17,0.0015306718046594892,-0.33727452505761835,-0.20796223726398289,0.0,18
18,0.0005069427540920213,-0.0007186129540087682,0.30518385246823354,0.0,18
19,-0.0009046782236673543,-0.2908115308178037,-0.01378478504350822,0.0,18
20,0.0004077864319174118,0.3006512147676723,0.4760199178824147,0.0,18
21,0.0014944339013100991,0.10634644042165853,0.4130563446969697,0.0,18
22,0.0007021932271227271,-0.1789453230420469,-0.3826178010471204,0.0,18
23,-0.00415463127232496,0.25360939307922203,1.1065807327001358,0.0,18
1,-0.0021278645050368805,0.00044137063480076394,-0.07540436504509396,0.0,19
2,-0.0020971063553817393,-0.04618713324775714,-0.06202191716844864,0.0,19
3,0.0020292127867267413,0.015719412448327752,-0.02059230438199966,0.0,19
4,-0.00926694125675176,-0.010109752624412605,0.1703336807282947,0.0,19
5,0.007075596120991402,0.15096857612131132,-0.13877873964441967,0.0,19
6,0.00017426587922630965,0.1724330887354515,0.35259742833158597,0.0,19
7,0.0021603676994645933,0.6256266886147743,0.5993804454080776,0.0,19
8,0.0006875203597045411,-0.4776472076684926,-0.3828200853683112,0.0,19
9,-0.004187266103124586,0.4087896824551465,-0.16353112604225695,0.0,19
10,0.00271598124222594,0.002356624880795133,-0.23797449570465856,0.0,19
11,0.002271573916809766,-0.4328061190316865,-0.4251708167878824,0.0,19
12,-0.006577649121231488,-0.20876149303168245,-0.012077917295724829,0.0,19
13,0.0018428286735476809,0.3378404999171505,1.0535241716053525,0.0,19
14,0.0070186955991784475,0.124672245935753,-0.3730787381566051,0.0,19
15,0.0011768862092571553,-0.13216706124481548,0.07901075866541585,0.0,19
16,0.004498254369438293,0.08157752661310957,0.18664505776981155,0.0,19
17,-0.004029553771469852,0.04845700106641315,-0.2300393898418527,0.0,19
18,-0.005958371190101453,-0.0967271909088937,0.16592660464242082,0.0,19
19,-0.005832949396733067,0.015854526916832867,0.4609885847279176,0.0,19
20,0.0009169152160197758,0.16685716156110852,0.3841801286140372,0.0,19
21,-0.0048489097531225775,-0.3021188238817888,-0.3751659679199269,0.0,19
22,0.0016828320392034968,0.0519717449516588,0.045349620657898486,0.0,19
23,0.001957335305979413,0.09009270135721303,-0.1298988573782246,0.0,19
24,0.00148467716062739,0.35657382654417624,1.1471395259134582,0.0,19
7,0.14558877158523795,-0.3105950653120464,0.3157894736842106,0.0,20
8,-0.03599106253085005,0.3416314023708342,0.024235294117647133,0.0,20
9,-0.012983986326695509,-0.3905499548560469,-0.6014243050769584,0.0,20
10,-0.0532923809931094,0.14263258355477393,0.023054755043227626,0.0,20
11,-0.04028707466967085,-0.02100499772830522,-0.014647887323943619,0.0,20
12,0.06194364147536646,0.018636552738307218,-0.1555174385363065,0.0,20
13,-0.03356023672236308,-0.17930535416192686,-0.2112389979688558,0.0,20
14,0.0646315068642398,0.6464756602095658,0.4798283261802576,0.0,20
15,-0.018630986759791024,-0.3573408094869812,-0.6873549883990719,0.0,20
16,-0.06827370403190047,0.2199675324675323,1.168831168831169,0.0,20
17,0.07797187437448039,0.1485982971736297,-0.10863986313088114,0.0,20
18,-0.027259359450345192,0.1632031596043113,0.6238003838771593,0.0,20
19,0.017326387531549026,-0.3203978768009277,-0.1341607565011821,0.0,20
20,-0.007594480516731394,0.03578183082976438,-0.38634812286689424,0.0,20
21,-0.033376112078999154,-0.06131813125695217,-0.09121245828698554,0.0,20
22,0.015505181325765172,-0.0688464195256735,0.23745410036719705,0.0,20
23,-0.02715057915057828,0.0943479592502774,0.06726013847675573,0.0,20
24,-0.0038217801154684095,-0.17943164186564764,-0.2585727525486562,0.0,20
25,0.00913992145195186,0.23487500000000014,0.1100000000000001,0.0,20
26,-0.007885942909820587,-0.20420420420420413,-0.3434684684684685,0.0,20
27,0.0032321666986065978,0.5466598674145844,2.4682675814751285,0.0,20
28,-0.02998707066178563,-0.0959656543973737,-0.4258160237388724,0.0,20
29,-0.0330765009716788,-0.025466158523395288,0.13522825150732132,0.0,20
30,0.035381814536868735,0.0015443346516434975,0.1616084977238239,0.0,20
6,0.0032899062519908817,-0.3208358082382809,-0.3400785450573588,0.0,21
7,0.0007640275147611232,-0.06736006933027405,0.596070731261414,0.0,21
8,-0.00022658640806061392,-0.08862163081337793,-0.386556046839912,0.0,21
9,-0.0008569377760504483,0.09425225633067402,0.403245387582605,0.0,21
10,0.003771473611321463,0.17020273034636024,-0.13976221628402208,0.0,21
11,-0.0021881322772191463,-0.17662654575979184,-0.3941246543007627,0.0,21
12,0.0020370593824339256,-0.20741830254140706,-0.2782686042095585,0.0,21
13,-0.0002370018592473544,0.2895919023893323,0.013565552359431798,0.0,21
14,0.0005084099055685519,0.34979164704223,0.2164130257929977,0.0,21
15,0.0016835571652709105,-0.1420090873131269,0.07098339364335128,0.0,21
16,0.0032915449134620638,-0.2019504750876917,-0.08978610053922953,0.0,21
17,-0.001024233917981232,0.17666369321899156,-0.19598272595202604,0.0,21
18,0.0017857047361160559,0.029068474676294587,-0.0808906003905594,0.0,21
19,-0.0006284966919403168,-0.06900062632500659,0.33469874873143923,0.0,21
20,0.0004967563623372584,-0.02753522923907914,-0.20456490757830306,0.0,21
21,-0.0009706486080259813,0.1959002005786856,1.0201086470386405,0.0,21
22,9.479753450847284e-05,-0.15768859300764748,-0.3950984849886724,0.0,21
23,-0.0016186296304223635,0.10395749812942777,0.2301016835083049,0.0,21
24,-0.0018750962918171465,0.0601492476854355,0.004778395258552948,0.0,21
25,0.00419523486610851,-0.17057118967943966,0.05350836794748615,0.0,21
26,0.0006746085581206263,-0.06474734433716177,-0.07464419783623955,0.0,21
27,-0.00820195808990487,0.4122907237457916,0.30920105326916025,0.0,21
28,-0.0021479463169421513,-0.2087453728222315,-0.17382701171516535,0.0,21
29,0.0017087008238505508,0.0672718182238301,0.5496079217084118,0.0,21
0,-0.0014574249138455952,-0.11092609121747354,-0.41113286561157336,0.0,22
1,-0.002332631578947919,-0.41648944573393776,-0.5652274301546987,0.0,22
2,0.004100081585688642,0.3497718210212697,1.0956983536909188,0.0,22
3,-0.0034452105931058736,0.12290571342450707,1.1696822259388775,0.0,22
4,0.0050990007808326965,0.052808088897787535,-0.6121233356692362,0.0,22
5,-0.0018486157711676832,0.0805030922104093,0.6722071665161096,0.0,22
6,-0.01887180071263139,-0.18336064392984475,0.30662296971224845,0.0,22
7,0.006720191801893316,-0.29531527061914864,-0.8373804470659574,0.0,22
8,0.005742204132297203,0.6723163841807909,2.135593220338983,0.0,22
9,-0.0006313960342775315,-0.4360458284371327,-0.4235135135135135,0.0,22
10,-0.001131548387396597,0.6852093366861298,1.417909048288795,0.0,22
11,0.004034610562869689,-0.43527433803229176,-0.7347500678636523,0.0,22
12,-0.004498722133446932,0.3886046133853152,-0.1937134502923976,0.0,22
13,0.004307716302103025,0.5501993467978894,6.148141432456937,0.0,22
14,0.0020347695731626203,-0.4505358528294835,-0.7285779513976967,0.0,22
15,0.0001920482947759261,0.3771794871794871,0.31000000000000005,0.0,22
16,-0.0036786073250424382,-0.12249866803076505,0.05750160519369341,0.0,22
17,0.000163035027530567,-0.19591540538717234,-0.3669972340281994,0.0,22
18,-0.0019192161802834558,0.07528204503585534,1.0343173825002665,0.0,22
19,0.0023960244891227944,0.2398660152975691,-0.4332041072925398,0.0,22
20,0.002231907840134495,-0.20749444060829805,0.2630557352805249,0.0,22
21,0.0025108876707342627,0.022612513721185445,-0.4987193560190267,0.0,22
22,-0.004214889761151475,0.0015206812652068802,1.8843795620437955,0.0,22
23,-0.0016243536376510106,-0.041153007571389184,0.18524142119647746,0.0,22
4,-0.0003903902740759469,-0.1352636606431672,-0.2035836874546552,0.0,23
5,0.0028609069803633425,-0.23177213453492074,-0.4426582152508248,0.0,23
6,-0.002483098863760413,0.11359302245724877,0.5048554357530389,0.0,23
7,0.0024227868714670198,0.09634843208519084,-0.3723405226312283,0.0,23
8,-0.00017049964777404725,-0.01869776039217763,0.5426585426149171,0.0,23
9,-0.0026710728386253324,0.2237140228999246,0.02316089136910371,0.0,23
10,0.0031666361494515627,-0.12423922642422415,0.16671119669065138,0.0,23
11,-0.00023906352964031544,-0.008260876467446998,-0.045358349916295504,0.0,23
12,-6.341585649682902e-05,0.02806890744119972,-0.0784667306356086,0.0,23
13,-0.0035496978176909892,-0.15228568632306086,-0.4683410229251567,0.0,23
14,-0.0029620734750182014,0.25952220158703376,0.4626709437784906,0.0,23
15,0.0011648972982252206,0.019654791816154704,0.08844102777200646,0.0,23
16,-0.0010280386090667504,-0.327604010643194,-0.4350873844065496,0.0,23
17,0.0032568823355632053,0.005997427912063369,0.06386453659727054,0.0,23
18,-0.006633717950072393,0.1604556180033676,-0.4076335339062307,0.0,23
19,-0.00026447331345480496,0.0688756924809959,1.5670539171879656,0.0,23
20,0.0010011842072097377,-0.11236156504139938,-0.2062755291496472,0.0,23
21,0.00011159999763399321,0.6381141145436053,1.300862573099415,0.0,23
22,-0.0036132875320261655,-0.27965998300668105,-0.26008552602316704,0.0,23
23,-0.005042876927058959,-0.2007003746059507,-0.3191151339235876,0.0,23
24,0.006133422942792288,0.5190148490556921,1.0992596516452888,0.0,23
25,0.003109774613051952,-0.34356460024407043,-0.14147100526303136,0.0,23
26,-0.003313588211477536,0.03678165951699475,0.1133823663197968,0.0,23
27,0.0018107354382403962,0.11476221097262453,0.009528658256808598,0.0,23
0,-0.00047606462047666836,-0.40797422472815137,-0.1361256544502618,0.0,24
1,-0.0009348164803274496,0.17619047619047626,0.093939393939394,0.0,24
2,0.00041207914241203625,-0.338731443994602,-0.22437673130193905,0.0,24
3,0.0020622895622883775,0.1024675324675326,0.16607142857142865,0.0,24
4,-0.00018661625509075463,-0.18056132014712836,-0.4686064318529862,0.0,24
5,-0.0008021107360680624,0.1477745757284663,-0.03458213256484155,0.0,24
6,-0.00015604281234093964,5.338477105995446,7.31044776119403,0.0,24
7,0.0021416387725472497,-0.0632902298850575,-0.12679597701149425,0.0,24
8,-0.0013948300908751545,-0.2894141462252917,-0.018099547511312264,0.0,24
9,0.0015135722644876724,-0.49764930410091707,-0.6728110599078341,0.0,24
10,0.0008629072186570053,-0.26295919848990845,-0.2778489116517285,0.0,24
11,0.00015182834902693898,-0.1661293788953363,0.13475177304964547,0.0,24
12,-0.002052366413546558,-0.265234375,-0.465625,0.0,24
13,0.0005129381459771931,3.9058029689608635,2.3216374269005846,0.0,24
14,-0.0006599801385104298,-0.7857802301614565,-0.7297535211267605,0.0,24
15,-0.0013408096832343563,-0.1465289087947882,0.33224755700325725,0.0,24
16,0.0006196345794791114,0.11922423438730267,0.0317848410757946,0.0,24
17,-0.0012531017331146588,-0.11320243737305348,-0.2109004739336493,0.0,24
18,-0.0005175996933515227,9.931778552746296,11.909909909909912,0.0,24
19,0.0006679894741050685,-0.8958555910306369,-0.9050942079553383,0.0,24
20,-0.0006339888800490634,0.5913509471585243,0.661764705882353,0.0,24
21,-0.0010863229293619492,-0.4294089093013703,-0.2359882005899705,0.0,24
22,-4.3410072156691015e-05,0.050338443643882964,0.5888030888030888,0.0,24
23,0.00015455836696243178,0.41308514236324223,0.1470230862697448,0.0,24
4,-0.01967788130107317,-0.18657191927721292,-0.3873763408782357,0.0,25
5,0.026687522830738164,0.18949683432864692,-0.1442231108580012,0.0,25
6,-0.01706763441999648,-0.2263676373906349,-0.2472766201638609,0.0,25
7,0.011574344978679152,-0.008720076218298291,-0.2290045037253432,0.0,25
8,-0.012181983451100107,0.06807869466348704,-0.01911140286006296,0.0,25
9,0.0052062210354113505,-0.2410742905299885,-0.34648063906749005,0.0,25
10,-0.0349168221199232,0.21132513531341732,1.1803852435641513,0.0,25
11,0.03051557204481248,-0.1036635242729782,-0.43456910491772094,0.0,25
12,-0.01307395981445203,0.16040036543451452,0.27248449164125743,0.0,25
13,0.01097763731475232,-0.07321270403518965,-0.1980648786211228,0.0,25
14,-0.0007304901627348537,-0.08748617369775169,-0.2568749678017619,0.0,25
15,0.007451846521949301,-0.1654548161207745,-0.3004547723365315,0.0,25
16,0.013079412852849526,0.2640374490535031,0.21968525785864346,0.0,25
17,-0.006399749721453074,-0.2978335234339654,-0.19570021775163315,0.0,25
18,-0.027380617922897255,0.31076402470640696,1.195009596928983,0.0,25
19,0.0076228043370516465,-0.05388451934997074,-0.6323153108374293,0.0,25
20,0.01435531224043429,0.2827809811286475,2.0348720773043607,0.0,25
21,0.009365769458365092,-0.1681421744936853,-0.21959729772088,0.0,25
22,-0.016189466171480538,-0.09865792281236284,0.22820239089304395,0.0,25
23,0.003820798311508611,-0.05788912586670592,-0.3769911961376604,0.0,25
24,-0.009772596788279464,0.2194615223491412,0.1822828173994724,0.0,25
25,0.0004128280349573466,0.10356983486769587,0.18685812429167287,0.0,25
26,0.01452885361613809,-0.2546396905477952,-0.13259238841527046,0.0,25
27,-0.0030477404328054236,0.2787074807605263,0.4264977926072202,0.0,25
0,-0.005068576128325564,-0.07248722095176496,0.08278528872593949,0.0,26
1,0.003327934862448423,0.0772922760870014,-0.03207749813502914,0.0,26
2,3.633841075778577e-05,0.11681209485993185,0.08841856702450968,0.0,26
3,0.002703593806428817,-0.2190512655793444,-0.2790371828609309,0.0,26
4,0.0020460788689429248,-0.023057915390003902,0.022951915910309983,0.0,26
5,0.0004885534129919211,0.03567316406424115,-0.009356103938552018,0.0,26
6,0.0002840542210584829,0.3519555829147685,0.6041228468126639,0.0,26
7,-0.0015157909924142787,0.14540930436933386,0.2498125302629719,0.0,26
8,-0.001997209410261269,-0.2520281538834729,-0.4213631844207495,0.0,26
9,0.0032632030734225377,-0.3107281359362004,-0.5124399334008805,0.0,26
10,0.005533986257174162,0.0862818720493983,0.5573244537345357,0.0,26
11,-0.002768658083008857,0.1786844575130111,0.08591762520874635,0.0,26
12,0.0024219303616681565,0.7380437898590186,0.07717956825433325,0.0,26
13,-0.0017450170827886249,-0.3220289798732334,-0.10947590329294976,0.0,26
14,0.003031047182484148,-0.26355227409693616,-0.41508472798645546,0.0,26
15,-0.0008916510214164176,-0.10371853394317664,-0.2128512513127898,0.0,26
16,0.0009346581180660339,2.8073632736722005,3.7844742023137377,0.0,26
17,-0.0011324447764839984,-0.3860396717528449,-0.3831572288972246,0.0,26
18,0.0014087704546985602,-0.1691919894267475,0.1705075476067084,0.0,26
19,-0.0022399451243410033,0.3891801986111576,0.4813314555671216,0.0,26
20,0.0005004488570274912,0.0200896060876028,0.02484896661367242,0.0,26
21,-0.001007812124521279,-0.6375037559365473,-0.514053022664164,0.0,26
22,0.00018146592612633403,0.1674396869973387,0.40739842173813107,0.0,26
23,-0.0008860059645593443,0.8735058000129967,1.0116858254928824,0.0,26
0,0.003062624656846147,-0.25244673798029715,0.6232585118142121,0.0,11
1,0.004341871843051459,-0.06669543290948066,-0.6111230970456171,0.0,11
2,-0.002128305217373505,-0.15259453180533644,-0.30423551032438145,0.0,11
3,-0.009492969756530356,0.27805599341582155,2.424534649024445,0.0,11
4,0.044631451256390564,-0.013429858785983684,0.34060248853962016,0.0,11
5,-0.033461006036096363,-0.17469955708679066,-0.3839306552901395,0.0,11
6,-0.0006995604176844862,0.041213599493820086,0.28678284465745696,0.0,11
7,-0.005869210922067825,-0.1672265078609687,-0.7743247406798809,0.0,11
8,0.014811316869079104,0.4804048102551399,0.27189709050089506,0.0,11
9,-0.012196756466963166,-0.4088270053539714,0.06604966247644484,0.0,11
10,-0.0036260702755802616,0.7567249557893567,-0.07372684149288466,0.0,11
11,0.00932606638741662,-0.3996515840127696,-0.2029857236031597,0.0,11
12,-0.01257303460366177,-0.2374555584546335,0.594411105049403,0.0,11
13,0.004179536347040713,0.6252731180294802,0.20128882636961554,0.0,11
14,-0.0027906077887671628,0.2795591357438614,0.032249386818577364,0.0,11
15,0.005963730697774894,-0.3591604599775311,-0.5327211687336164,0.0,11
16,0.003751493499372982,0.4742794274406657,0.453218292762942,0.0,11
17,-0.0019744078358330253,-0.11105110434636124,-0.3300674989276926,0.0,11
18,-0.0063572313893572865,-0.4028634249898909,-0.6325313384553175,0.0,11
19,-0.0093267658626508,0.4733525071901963,4.0646492434663,0.0,11
20,0.022775503623549742,0.12874491029058174,-0.11752670650009055,0.0,11
21,-0.01484107268846968,0.1884752505815721,1.321672582531443,0.0,11
22,0.025143325205212674,-0.11472376403364082,0.12767330057619564,0.0,11
23,0.0030712709665987607,-0.08712287717269784,0.03231898936545385,0.0,11
2,-0.0230158605154136,0.0718887105403958,-0.6615088282504014,0.0,27
3,0.0020808530693561256,-0.01132251663359407,-0.19669954476479512,0.0,27
4,-0.007729858988475335,0.2585062368461579,0.8554899645808736,0.0,27
5,0.002694855768848425,-0.3866492076462472,-0.7973275642657165,0.0,27
6,-0.0021635593738410512,0.13430048758114976,1.0596508853447193,0.0,27
7,0.0014466265639758724,-0.2538477618960516,-0.2430339613438205,0.0,27
8,-0.0025413815058901172,0.2554168344744261,-0.37229158276278695,0.0,27
9,0.0011544772958071992,-0.03087497698603525,-0.36314641344796617,0.0,27
10,0.009670942990305909,0.0774733024380414,0.5459399556719726,0.0,27
11,-0.014313418411073588,0.6349331235247837,1.0312805474095796,0.0,27
12,-0.0025467541870262127,-0.2744588499499896,-0.3983317292268207,0.0,27
13,-0.0025233360868487376,0.19579302756875272,0.4419857097152609,0.0,27
14,0.011212377058089196,0.03857060736844775,0.9504862626187922,0.0,27
15,-0.01013583796164885,-0.10554486511081196,-0.5353479818757465,0.0,27
16,0.00683408988677825,0.14531756641617832,0.4602798971806274,0.0,27
17,0.00448447647768746,-0.4954112665763966,-0.6141380273819503,0.0,27
18,-0.0021885849232866628,0.5193338160753078,0.558291093410572,0.0,27
19,-0.014198625072090132,-0.29058240396530355,-0.4679368029739777,0.0,27
20,0.01860113078322989,0.3351656819933213,0.5131877729257641,0.0,27
21,-0.007432996920721191,0.022618360515163083,1.1053907422371,0.0,27
22,-0.00481070587447685,0.2965083682785381,0.1483359833324196,0.0,27
23,0.0019760446177092827,-0.20543425824355688,0.2943732244742057,0.0,27
24,-0.0040254657264851,-0.2385160093723537,-0.4646993729251199,0.0,27
25,-0.010173518350927613,0.6274366807546246,0.6503583241455346,0.0,27
4,-0.0007105476897257822,-0.21301882684215132,-0.4933134912545358,0.0,25
5,-0.0063256372665614355,-0.1471736069201368,-0.0745926372963186,0.0,25
6,-0.0064864216123817755,0.10556251807577376,-0.002825964088517874,0.0,25
7,0.0024092652148473004,-0.0582684184009612,-0.3551185908615277,0.0,25
8,-0.003627166457958575,0.10723300205079657,-0.05094314109931719,0.0,25
9,0.011364129457534844,0.12296670783902575,0.2893321460373999,0.0,25
10,0.0009271858355630601,-0.11984824207598956,0.0646997071661417,0.0,25
11,-5.7379128798329396e-06,0.9532582103936541,1.3699532952776337,0.0,25
12,-0.0015329098603312776,-0.39998723951431625,-0.6175742845256083,0.0,25
13,-0.001884449394658816,-0.3032832331329326,0.44148296593186376,0.0,25
14,-0.0004971481680361434,-0.39011218171512896,-0.7357152787432226,0.0,25
15,0.0004037878295488628,0.4907384942404105,0.0033816788156608717,0.0,25
16,-0.002746409588681442,-0.08093885950972979,0.2079089275014978,0.0,25
17,0.0007365304940920581,0.8640752032520322,0.6614583333333333,0.0,25
18,0.003960649367263924,-0.0760561277802656,-0.07605612778026571,0.0,25
19,-0.0016304235703715753,-0.009432357855621465,-0.5409564585184587,0.0,25
20,0.00272333814912118,-0.3003411019249119,1.8354597448306205,0.0,25
21,-0.0018096620817298348,-0.08434084471466963,0.02268425135764152,0.0,25
22,-0.0026195628504551705,0.18396167695233112,0.07382570700327706,0.0,25
23,0.00041540288216213034,0.13399643957161822,-0.5347706914577977,0.0,25
24,-0.0036163308988642617,-0.1178099272053834,0.4611273080660836,0.0,25
25,0.0032040846135519274,6.3901792642564175,13.640921183904224,0.0,25
26,0.005684854765877656,-0.7527808786846263,-0.6586021658025791,0.0,25
27,-0.0008304883553953424,-0.00815727338992045,0.0602456732728438,0.0,25
24,0.008478195363400215,0.2874277724573835,0.4488828193832598,1.0,2
25,0.006524970931128465,0.27617151381183547,0.7802198788998357,1.0,2
0,0.010157090128634187,0.38559399219490265,0.2452564885797055,1.0,5
1,0.018659331709890974,0.31697089379767673,0.3221977634938804,1.0,5
21,0.009595206697024287,-0.03922838247750243,-0.26042675206673127,1.0,7
22,0.0032122885645545713,0.41759880991861287,1.0961573755448497,1.0,7
23,0.0005123580747057261,0.25147691036825515,1.732141058486063,1.0,7
24,0.0016906476804588958,0.46220693107705213,0.44476054784447105,1.0,7
23,0.012097219913048345,0.13904345637421453,0.5507183031781528,1.0,8
18,0.013340241037432914,1.8215100351378717,2.839190637841701,1.0,11
19,0.00398363182657801,-0.18144836767954298,0.34079147251096653,1.0,11
16,0.019389109819516352,0.5279521674140507,4.0618086696562035,1.0,12
17,0.02674333878535961,0.8915191966227406,1.0119503838588924,1.0,12
18,0.014207332856126182,0.9986104257668671,0.9508246163243491,1.0,12
19,0.008030396702730307,1.5459442271614359,0.3332586091767623,1.0,12
20,0.01304567845947157,0.1746422507882609,-0.07275042444821733,1.0,12
21,0.007006848259685999,-0.4803167420814479,-0.4399159663865546,1.0,12
22,0.008337455957431511,0.4315999999999999,0.39,1.0,12
23,0.00950334106363659,4.198810728744939,14.090384615384615,1.0,12
24,0.011479757209034928,0.04543680064228006,-0.1741748206131768,1.0,12
32,0.008313215650805554,0.5092529591776417,0.4381432912109674,1.0,17
33,0.015081008508244335,0.2967518818361028,2.860272048205896,1.0,17
22,0.0077966593773220955,0.40775648156070854,1.31440489432703,1.0,18
23,0.007231467123945839,0.3599301162887053,0.4117214043035108,1.0,18
24,0.018938915282329487,0.5113412698412699,1.7293333333333334,1.0,18
6,0.02063153280221452,0.33008767123287663,7.2996,1.0,25
7,0.013410650396769357,0.48139538350869737,0.6053839186877327,1.0,25
8,0.012815149753589878,-0.3635151795345971,-0.13432732316227464,1.0,25
1,-0.005895516872364892,-0.2632425969637978,-0.2766381861099105,0.0,0
2,-0.006136596818673401,-0.2596439623739927,0.11053405643901093,0.0,0
3,-0.012262296841615172,0.4767807443198278,2.5005173198692217,0.0,0
4,-0.0039047960569299493,0.5084022224937066,-0.3636428123854676,0.0,0
5,9.178756600558556e-05,0.001465000623067203,-0.23962842545285645,0.0,0
6,0.0034472307085333664,-0.053776799592520234,-0.2999486891294255,0.0,0
7,0.0007424085813148018,-0.4821843745813073,-0.4708038113852919,0.0,0
8,-0.0018927526884736645,0.1945710959320499,-0.11370531592138244,0.0,0
9,0.00012746282508424578,-0.11811653519869035,-0.4887632088108349,0.0,0
10,0.0003227226987767562,1.0798283919405502,1.963755458515284,0.0,0
11,0.0016096966228411613,-0.5196910059146688,-0.7050734246844457,0.0,0
12,0.0004485131692486544,0.036769358867610125,-0.25945045795170696,0.0,0
13,0.0020326211204493294,-0.012112153158992391,1.0152912075556555,0.0,0
14,0.00035620868533992045,-0.20693519208763236,-0.269136353492524,0.0,0
15,-0.0019255423699217067,-0.019816793893129847,-0.4786259541984733,0.0,0
16,-0.0014220730665144288,0.17940807362476474,1.6418740849194728,0.0,0
17,0.002804938085355646,0.21382300056651626,-0.024606517401906447,0.0,0
18,0.007011609456360368,-0.26083732057416265,0.5604545454545455,0.0,0
19,0.001995839457652915,-0.10737200935278413,-0.6523448878531897,0.0,0
20,0.006108870422858903,0.2278129340947677,2.782991202346041,0.0,0
21,-0.0010090668096557345,0.0015201128134036954,0.22115171650055365,0.0,0
22,-0.000734584442003694,-0.07197655607789677,-0.5860614854448173,0.0,0
23,-0.00018762461851995482,0.5090497253290323,1.1175375178004163,0.0,0
24,0.0037416515659665093,-0.15561048030056726,0.09673581294294142,0.0,0
7,-0.002825592503153729,-0.2578285614646163,-0.2583780128349923,0.0,1
8,0.0005568974240548473,-0.02003145778596593,-0.1911946982578745,0.0,1
9,-0.0077326796790380126,0.0012378419493266346,-0.06347411911023493,0.0,1
10,-0.0019056427362526,-0.05894712504120625,-0.21767077453641534,0.0,1
11,-0.0011994288465012606,-0.01840473775401608,-0.2430526578004997,0.0,1
12,0.0003258611432273017,-0.01989864866393498,-0.1501142099380003,0.0,1
13,0.004360287025843457,0.10514739808935647,0.1886177453770721,0.0,1
14,0.005524729067545753,0.04880956807967896,0.4132835191057631,0.0,1
15,0.0005347494474314818,0.08560964496980382,-0.5056887590354884,0.0,1
16,-0.0028720967551179033,0.004536510224151247,0.029502100406308074,0.0,1
17,-0.003999656604668722,-0.057089181496290616,0.054832587643268926,0.0,1
18,-0.001695851025283579,-0.04726353162012431,-0.1565048494434872,0.0,1
19,0.005216508509429785,0.10722000510878282,0.5545311798531172,0.0,1
20,0.003790974599150454,0.15414579165434786,-0.06142893859040655,0.0,1
21,-0.0006489965768330387,-0.18325859341961612,0.3795186398956485,0.0,1
22,0.002380869984188516,0.03899378770230588,-0.2036579522254962,0.0,1
23,0.0007399470527955643,0.04914700251285575,0.4799649956981698,0.0,1
24,0.0006515714354191626,-0.10434075249376827,-0.4550206865451885,0.0,1
25,-0.000513246398910483,0.30659601829574434,0.14534521461577188,0.0,1
26,0.0017408978687782903,0.1081668319189415,1.3928955866523145,0.0,1
27,0.002313939803105347,-0.20778698496564446,-0.4109948310544139,0.0,1
28,-0.001860571387493404,-0.03856689241205169,0.2077764877349868,0.0,1
29,0.001146014029985043,-0.0678879249043911,-0.2464914164553165,0.0,1
30,0.0008745359008024423,0.2671118837681499,0.5579982650454154,0.0,1
2,-0.008525721170866252,0.11846197517051492,-0.18648897296244704,0.0,2
3,-0.0022655772253259428,0.062482938610129324,-0.06685229965071693,0.0,2
4,0.0004962904706971027,-0.33053789631993946,-0.3153622657313371,0.0,2
5,0.0014361285865454045,0.16185675098974506,0.30092636842930265,0.0,2
6,-0.0017167069693021508,-0.16648616397635796,-0.5375129676814521,0.0,2
7,0.0009501016280191176,0.27046220153745026,0.2082989133888289,0.0,2
8,0.002898000998376116,-0.12761398294579462,-0.1818459111227978,0.0,2
9,-0.005603573102375026,-0.017193023545075015,0.009763967809117258,0.0,2
10,-0.002241541270619818,0.34574123528042544,-0.02100693228765493,0.0,2
11,-0.0022156340117355233,-0.15972938539130174,-0.07107698109772354,0.0,2
12,-0.002399729139442752,0.026181337759383583,0.0034719305613888363,0.0,2
13,0.0020632092361225762,0.014890657054324354,-0.12148078908451687,0.0,2
14,0.002534714935921389,-0.17461961187640118,-0.39984595961601066,0.0,2
15,0.00029015722693115364,0.11513609321084205,0.10010055038103303,0.0,2
16,4.717507597229442e-06,0.3837487446037764,1.9912928442573663,0.0,2
17,0.000264237989719307,-0.3547074627479501,-0.6559346429404245,0.0,2
18,0.0015872392301929938,0.2132708589074208,0.5273785318656663,0.0,2
19,2.5363920273413502e-05,0.2170765238079546,0.5036722515492311,0.0,2
20,-0.003931693512947754,-0.33323992227162136,0.03699407260423815,0.0,2
21,-0.0013468139814186706,0.5336733364072432,0.08008694116261728,0.0,2
22,-0.0003804021250454204,-0.2631050094904153,-0.0254521007181826,0.0,2
23,3.260454505848997e-05,0.3249463115657363,-0.33868907782376856,0.0,2
6,0.011369214160715345,-0.03143418318008495,0.21013211317642574,0.0,3
7,0.002305787315969532,0.022447998563874142,-0.2511443128389116,0.0,3
8,0.003971809163291207,0.104128014064375,-0.24767396835328115,0.0,3
9,-0.0006390148489260339,-0.04562658578048849,-0.32557612061821195,0.0,3
10,0.0012675405506383795,0.179282493384344,0.4192712487765757,0.0,3
11,-0.004050413838363243,-0.20039070880802567,-0.2863509461590106,0.0,3
12,-0.0032209399271756482,-0.026542449607060647,-0.1266974296976766,0.0,3
13,0.001534512740965166,-0.0255659581954939,-0.13459354329250162,0.0,3
14,0.0012855973740795168,0.20263873475698224,-0.04735860853108331,0.0,3
15,-7.472991432422305e-05,0.240383628021444,0.5708237993034986,0.0,3
16,0.0017625748124194816,-0.16474125208761506,-0.15162886985979107,0.0,3
17,0.0005712599791050098,-0.27328939026342525,-0.167708559791651,0.0,3
18,-0.0018413309280860266,-0.050415657043704536,-0.15549786503616914,0.0,3
19,-0.003268629857417271,-0.11525461289100936,0.3049658820484657,0.0,3
20,-0.0019590303443925983,-0.14029916741324355,-0.2552797314423365,0.0,3
21,0.002547035301060596,0.3633407038794188,-0.1952727674250937,0.0,3
22,0.0004681774365289382,-0.18742091974240405,-0.3394729407966424,0.0,3
23,0.0006392887460817676,0.004691592654462395,-0.3235739772227382,0.0,3
24,0.002258158386563513,0.2700761133993306,0.5689175518462317,0.0,3
25,-0.0020357660041214753,-0.03972956818531859,0.4432635954357562,0.0,3
26,-0.0003919398680172215,0.22111896190321725,0.13406889729229501,0.0,3
27,0.0007403701135380025,-0.2196947674958948,0.02321475051177968,0.0,3
28,-0.00045590800318218166,0.04444280204329987,-0.18482513011254653,0.0,3
29,0.002161915250007418,0.24577096205191465,1.6161190203090208,0.0,3
6,-0.0019073067887348527,-0.2693062088058296,-0.3755803542607024,0.0,4
7,0.00019807225167989276,0.045671988894357085,-0.2396071568403112,0.0,4
8,-0.00028116931693167313,-0.01945597131548349,-0.03747567780656502,0.0,4
9,0.0004970307439431386,-0.07606080339099243,-0.07867172305643655,0.0,4
10,-0.0012652301786946207,0.19979303617062505,-0.2515637489562625,0.0,4
11,0.0001995180251179729,0.10686641095640947,0.00504224367932915,0.0,4
12,0.001258447424850484,0.0563410393919761,-0.08899668960504381,0.0,4
13,-0.0004773432493252461,0.051452815924724726,-0.06673078557515355,0.0,4
14,0.003042717098654002,-0.09978955052571924,3.112726171127596,0.0,4
15,0.0009217892459878475,0.003017459973801317,-0.6898753239816341,0.0,4
16,0.0009645971918150752,0.06717212741041599,0.10173640684071296,0.0,4
17,0.002331107632880913,1.4482793466024586,2.4454216911290616,0.0,4
18,0.0022647622662712585,-0.5073272834090239,-0.4371135761878576,0.0,4
19,2.1640339793238542e-05,-0.17753581900913395,-0.4469143312500448,0.0,4
20,0.0007632105874499918,0.07206050500989747,0.2725858119055311,0.0,4
21,0.002576431117886635,-0.04706026353651627,0.034049840614674975,0.0,4
22,-0.0009969474067378359,0.006898510851149453,-0.10245892998948214,0.0,4
23,-0.0011690745780552625,-0.02262556160285356,0.39372889229918,0.0,4
24,0.0002722183573600212,0.00838971799423627,-0.14510251439665867,0.0,4
25,-0.0051434439432037635,-0.047750022323319485,0.6624386508375641,0.0,4
26,-0.00025485674041081374,0.007192205492007275,-0.4708849157806582,0.0,4
27,-0.0009927911704671333,0.1862500247483403,0.5174537353618371,0.0,4
28,-0.00028702506623345947,0.06120976815059676,0.06019684123222203,0.0,4
29,-0.0017144479125407175,-0.025627092973981358,0.21734551409651948,0.0,4
0,0.003168039781705767,-0.36615485672058457,-0.6227112242384432,0.0,6
1,0.0002740638015825692,-0.3483859267319551,-0.21806311207834608,0.0,6
2,-0.0031696314034034283,0.4236014472585583,0.04397439465627606,0.0,6
3,-0.001057978456836528,0.11662531017369734,-0.3401759530791789,0.0,6
4,-0.00040877503747149824,-0.3636363636363637,-0.3636363636363637,0.0,6
5,0.0003623959358469708,1.697638404955478,7.507936507936507,0.0,6
6,0.001718918281976789,-0.3394938941655359,-0.11395522388059698,0.0,6
7,-0.00046035591092219436,1.26470891003865,-0.6294112692664028,0.0,6
8,0.0015277036704208768,-0.3297337662337663,1.606590909090909,0.0,6
9,-0.0021588213431953385,-0.42378268692681453,-0.6378062603539978,0.0,6
10,-0.0009879920960644828,1.0484138447547209,2.3519499277804528,0.0,6
11,-0.0005817465822377521,0.32798830012274416,-0.18845159436943404,0.0,6
12,-0.0020457266122244637,0.5861530452889121,1.4513274336283186,0.0,6
13,-0.0028687041381704192,-0.46751225820356707,0.04931407942238275,0.0,6
14,-0.004265323655824216,-0.4938804938685272,-0.6525149659395857,0.0,6
15,-0.0018209925428229745,1.0082979726544083,0.8336633663366337,0.0,6
16,0.0016259058410372784,-0.4577851953661889,-0.7159827213822894,0.0,6
17,-0.001048186452733746,3.939882848628096,7.307984790874523,0.0,6
18,-0.0009129665769195273,-0.8072475686498856,-0.8332951945080092,0.0,6
19,-0.0020045660647439734,0.0015844025918128055,0.8466712422786549,0.0,6
20,-0.005142899708749704,1.0656359176391883,0.8905820263138333,0.0,6
21,-0.002365714476852077,-0.4006794055201699,-0.4450735236297869,0.0,6
22,-0.0010964918803673118,0.16321716443414558,1.768456851353266,0.0,6
23,0.005855326671401873,0.25957884912262075,0.7147207862005425,0.0,6
1,-9.065688523623994e-05,-0.025097290966108687,0.7256898527726352,0.0,7
2,0.008313234083271892,0.2967991312470097,0.5578431122123171,0.0,7
3,0.0017318349052788395,-0.22737191469360085,-0.5990686692464091,0.0,7
4,-0.002011937806843389,-0.003716821565934669,-0.10749631931948313,0.0,7
5,0.001071897114826026,0.14170247925145185,-0.05079386899443261,0.0,7
6,0.007809932773362949,-0.08063727900400207,1.0830316195993244,0.0,7
7,-0.0006755294288729452,-0.2277198790719557,-0.3659675550405562,0.0,7
8,0.0009336071205425787,-0.07509297053869024,-0.2941498985690005,0.0,7
9,-8.502164818735558e-06,1.2415617740461211,0.8992543110144477,0.0,7
10,1.4549512538319931e-05,-0.4309108011942252,-0.7683939307185799,0.0,7
11,-0.000308525794005754,-0.07846621343222082,-0.15745482370945907,0.0,7
12,0.0016453478683644553,0.3050160681849936,0.6312700852312421,0.0,7
13,-0.0006975196004807005,-0.5495281148386073,-0.8479657387580299,0.0,7
14,-0.0013149392481807134,0.3857912178956089,2.4901408450704223,0.0,7
15,0.0018069824663335954,0.7085935176925364,1.3870056497175145,0.0,7
16,-0.003062554639606252,0.25265459392678324,0.3713271344040574,0.0,7
17,-0.005287571596213514,-0.4828241230658993,-0.5126611928890203,0.0,7
18,-0.007105478217810712,0.21394721308710696,1.1553756640526178,0.0,7
19,-0.0037521728923911595,-0.10047306787533072,-0.18318818807070256,0.0,7
20,-0.0007945614899023122,0.6477546604281668,0.929332988476018,0.0,7
0,-0.007623332581866981,0.8205710426099158,0.6498925073652362,0.0,8
1,-0.013369057819521912,-0.786721305627771,-0.8308479320496115,0.0,8
2,-0.008244027385520769,0.469225538949698,2.417546362339515,0.0,8
3,0.004342661466870679,0.12977514946837898,-0.5459782109613056,0.0,8
4,0.019691577173461816,0.323668903803132,1.308724832214765,0.0,8
5,0.012789775110734205,0.4544379640747911,0.26051290219815226,0.0,8
6,0.012454189950103613,-0.6790746373737465,-0.8617552284071524,0.0,8
7,-0.004630610556624504,0.6868871530663121,0.3254113345521024,0.0,8
8,-0.001888977484147736,-0.5574712643678161,-0.8793103448275862,0.0,8
9,-0.002612880190305589,1.0057142857142858,6.6885714285714295,0.0,8
10,0.0010464125415550196,0.103988603988604,-0.8560014864362689,0.0,8
11,0.0012908633696564475,0.061677419354838836,4.308387096774194,0.0,8
12,-0.000944829276236958,-0.16858178282582748,0.8291200777831793,0.0,8
13,0.002932510245647668,0.3807101328903655,1.6777408637873754,0.0,8
14,-0.002382010489696551,-0.20316029776674935,-0.6887344913151365,0.0,8
15,0.004276725346017861,-0.025651927437641664,-0.6492346938775511,0.0,8
16,-0.0007262303367235878,0.9703305785123966,3.816363636363637,0.0,8
17,0.0012679533072272875,-0.1877393086339858,0.03378633446583623,0.0,8
18,0.0004521644216151088,-0.2921447732475668,-0.6713529304363703,0.0,8
19,0.00251367380876788,-0.327020202020202,0.13888888888888884,0.0,8
20,-0.0027353623489487773,-0.2547425474254743,-0.3902439024390244,0.0,8
21,0.0032851068349020185,0.5562588235294119,4.8792,0.0,8
22,-0.0017636273238840203,0.9789264437042602,1.0080283031704993,0.0,8
0,-0.0034962668058831077,-0.02460254473771784,-0.4894403945111492,0.0,9
1,-5.245444608581451e-05,-0.02862142232220977,-0.3910761154855643,0.0,9
2,0.0013324176361004805,0.12664931685100833,0.4217241379310346,0.0,9
3,0.008794256615034302,0.00582654793666193,2.321125394130488,0.0,9
4,0.0030272893079219547,0.06502105698775518,-0.7626524501570145,0.0,9
5,0.003122394676279727,-0.1166666666666666,1.0384615384615383,0.0,9
6,-0.0008924434496818677,0.5014480035103115,-0.2826415094339623,0.0,9
7,-0.002218230511648045,-0.4147159389794845,-0.4555497106785902,0.0,9
8,-0.002144611096754789,0.4854633289415899,0.2255072463768115,0.0,9
9,0.0003626463885637588,-0.15274978404837314,-0.4094922737306843,0.0,9
10,-0.00408940459991225,-0.17325664989216394,0.8691588785046729,0.0,9
11,0.002109100769822181,0.10528571428571444,0.1052857142857142,0.0,9
12,-0.0004882553987516358,-0.05030036358323353,-0.5799405454310456,0.0,9
13,-0.0008926294312676664,-0.03292307692307705,-0.032923076923076944,0.0,9
14,-0.001092533503509907,-0.1882065966698483,-0.4705695195672924,0.0,9
15,0.000940402021864184,0.05168269230769229,0.6826923076923077,0.0,9
16,-0.004611301582490125,0.76036866359447,5.821428571428571,0.0,9
17,-0.0009929946248021793,-0.02072751426115493,0.4109947643979057,0.0,9
18,-0.003288260956773925,-0.06542744574847302,0.2414471243042671,0.0,9
19,-0.00020896253400093376,-0.1506443820697938,-0.4751173147622321,0.0,9
20,-0.00016674625451362782,0.35740930406767224,-0.12385399464722968,0.0,9
21,0.0019206313767072825,-0.32169387542006456,0.16554010139087486,0.0,9
22,-0.002324979397329785,0.1561847786326953,0.5068309819885128,0.0,9
23,0.0014220799132447224,-0.0969400914630727,-0.4377174154392717,0.0,9
0,0.003504571338255769,0.3727390592061493,-0.2527100979469483,0.0,10
1,0.00014148366328625706,-0.0005230787683327964,-0.3916227435981156,0.0,10
2,0.0006832788238890776,-0.3973500240463361,-0.6448669784558767,0.0,10
3,0.005061138166269519,0.08279754926061789,3.495250431778929,0.0,10
4,0.0038426740566390727,0.1550371206814556,-0.30866391316876385,0.0,10
5,-0.0017732365876986789,-0.22117247501061327,-0.4871135811045502,0.0,10
6,0.00031171791645645536,0.18488419341731,-0.31978870377895163,0.0,10
7,0.0006698747156652639,-0.1471734892787524,0.0454002389486261,0.0,10
8,0.00019421233976357757,0.10517028571428556,6.270857142857143,0.0,10
9,-0.0022983372880491797,-0.1470312320673841,-0.8567012469873205,0.0,10
10,-0.0005860296272460763,0.07842189066462213,-0.2040219378427788,0.0,10
11,3.1536754416583435e-05,-0.07131872740708177,0.3780431786862655,0.0,10
12,0.002371746255753537,0.294080459770115,0.6316666666666666,0.0,10
13,-0.0007055492554984832,-0.20466788867589247,0.0010214504596526288,0.0,10
14,-0.00028489994871538915,0.1302662627551021,0.9818367346938774,0.0,10
15,0.002511953017303225,-0.05379760801447542,-0.5342910101946247,0.0,10
16,0.0003480564209525916,-0.09244581689254884,0.2532891100055279,0.0,10
17,-6.540901250917663e-05,-0.0014749470712774881,-0.13920254057868742,0.0,10
18,-0.0036703353039044813,0.2166487828990995,1.4819635171141623,0.0,10
19,-0.0029102046739186704,-0.04825111482720168,-0.4028242289111854,0.0,10
20,0.00023598952012493515,-0.06729895786394291,-0.1547396805641983,0.0,10
21,-0.004148541361826963,0.3057732868198404,1.2963599182004089,0.0,10
22,-0.0002717977880507539,0.16697923656567193,0.12884266020731672,0.0,10
23,0.0003779523323226286,0.5338025528100576,0.4301672451877563,0.0,10
1,-0.012729117570045469,0.22374795221723032,5.975363327638212,0.0,11
2,-0.004847939070178997,-0.4426115039245304,-0.5958118507990746,0.0,11
3,-0.0033843313544064113,-0.3172714554173897,-0.2732244525410922,0.0,11
4,0.000731364393550038,-0.2566807895111729,-0.6508652193158541,0.0,11
5,-0.007679520735503932,0.4260737311789913,1.7601427055077248,0.0,11
6,-0.001110460877240982,-0.23973471328005425,-0.6452095328640253,0.0,11
7,-0.004800065122610332,0.3087307315330674,1.4071297383554633,0.0,11
8,0.0006636213139632474,0.07734739118888823,-0.7280482313503778,0.0,11
9,-0.013556678726180826,0.08351140272434865,9.168337779413116,0.0,11
10,-0.001251795330164618,-0.16400458355949574,-0.5374615523792292,0.0,11
11,0.0012449118191624198,-0.11892398219629352,-0.5431457685462262,0.0,11
12,0.00399666563989376,0.20676399260703704,0.051608622128989534,0.0,11
13,0.002630243030927959,-0.4241990846681922,-0.6413043478260869,0.0,11
14,-0.0026192979773006497,-0.37663659573771935,2.641754624900692,0.0,11
15,0.0020428723818555206,1.807154170332978,0.8082119205298013,0.0,11
16,0.0013978555128326686,-0.2912396086474437,-0.6282725220178901,0.0,11
17,0.0076660352457378345,-0.14134433910804667,-0.22148553412462912,0.0,11
1,0.0005899705014749124,-0.3086463658590798,-0.5679039786619249,0.0,12
2,-0.008215408805031243,2.0825617283950617,6.398148148148147,0.0,12
3,-0.005984701359439182,-0.9165623696287024,-0.9930468641357252,0.0,12
4,-0.0044019138755980744,0.6000000000000001,7.0,0.0,12
5,-0.0055107010124311176,0.25,1.25,0.0,12
6,0.00032216494845349613,-0.5,-0.9444444444444444,0.0,12
7,-0.0026167471819645853,1.8179166666666668,66.63,0.0,12
8,0.00819374369323933,-0.5652816797279314,-0.8550938932426437,0.0,12
9,0.003122748018256072,1.5204081632653061,0.26020408163265296,0.0,12
10,-0.002394636015325635,0.3012145748987853,0.3012145748987853,0.0,12
11,-0.002400384061449823,-0.5519601742377099,-0.4399502177971375,0.0,12
12,-0.013855003693176049,1.5613695090439277,21.027777777777782,0.0,12
13,-0.0029603833907246857,-0.6591605116195279,-0.9445145018915512,0.0,12
14,0.0022266923399634213,1.7412587412587412,4.090909090909091,0.0,12
15,-0.0022304658151768297,-0.5146763392857143,-0.40267857142857133,0.0,12
1,0.004413493071236729,-0.3780193306156243,-0.25515895147796985,0.0,13
2,0.0032440148102126365,-0.16897788396014754,-0.20610258330213405,0.0,13
3,-0.0022280204024360817,-0.4463357780245405,-0.4244282008960151,0.0,13
4,0.0022511074130422415,-0.4687333805072437,-0.4944694797214256,0.0,13
5,-0.00015649569955844544,0.4894243438312558,-0.24716369529983795,0.0,13
6,0.002929012826526245,0.17018781228411228,0.6921420882669538,0.0,13
7,0.006162252873904706,0.5539815020113394,0.8632315521628499,0.0,13
8,0.013785532426659808,-0.005010839393045585,1.1840218504609084,0.0,13
9,-7.238727658542832e-05,-0.26729786021020885,-0.4348913553228075,0.0,13
10,-0.004263854590620397,-0.10202199828755842,-0.4453665283540802,0.0,13
11,0.0010249739231573685,6.615332400705554,5.1950124688279296,0.0,13
12,0.0013929473967293493,-0.8574628012676478,-0.8776266001127123,0.0,13
13,0.00043657583514877807,1.2082706766917295,0.9322368421052633,0.0,13
14,0.0012278382515025221,-0.6316694296064346,-0.4164113040517535,0.0,13
15,0.0004731327268612251,-0.05115400589363772,-0.0822637106184364,0.0,13
16,-0.0016775322753690425,0.4829396647578466,0.6274634456452639,0.0,13
17,-0.003515378706231087,-0.3361155282079645,0.1585937500000001,0.0,13
18,-0.0011785600658941187,0.3858310856372218,-0.31321645313553603,0.0,13
19,0.0010880338479419829,-0.12676894769597102,-0.009818360333824216,0.0,13
20,0.0009798564084348982,-0.05926849502005228,-0.2518591968269708,0.0,13
21,-0.0014262063459870022,0.007267868200632187,-0.0874751491053678,0.0,13
22,-0.002547825703218876,0.7733241444726038,1.8489469862018884,0.0,13
23,9.677564609211764e-05,0.1464199351020663,-0.13433596737190925,0.0,13
24,-0.004385127677565603,-0.1624337455830389,0.328032979976443,0.0,13
2,0.015624999999999778,6.727272727272728,2.090909090909091,0.0,14
3,-0.012345679012345623,-0.5098039215686274,-0.2647058823529411,0.0,14
4,0.003814973772054975,2.333333333333333,19.0,0.0,14
5,0.000475059382422982,0.5,-0.75,0.0,14
6,0.012227477217672034,-0.7619047619047619,-0.9523809523809524,0.0,14
7,-0.012535612535612415,0.25,1.5,0.0,14
8,-0.0017311021350260305,7.0,3.0,0.0,14
9,-0.0019267822736031004,-0.33333333333333337,1.0,0.0,14
10,-0.008506470072691563,0.8315207373271889,0.6025806451612903,0.0,14
11,0.01331114808652245,-0.8590982286634461,-0.9194847020933976,0.0,14
0,0.0016663228625253268,-0.4325800104299505,-0.5824645359767562,0.0,15
1,-0.006346827704465596,0.34527220630372496,0.34527220630372496,0.0,15
2,-0.002449092151874055,-0.15755224541167034,0.4256808154571732,0.0,15
3,-0.00027586168834792263,0.5589538492945394,0.0865435919325579,0.0,15
4,0.0010453379953816457,2.0740522490669813,2.0740522490669813,0.0,15
5,-0.00216009609295309,-0.8355393275521071,-0.8498402555910542,0.0,15
6,-0.004779435140324306,0.8570986460348162,1.9182978723404256,0.0,15
7,0.000794326420606728,-0.4014467703732155,-0.6281714785651793,0.0,15
8,-0.002642556937854645,0.18814063556457072,-0.15960784313725496,0.0,15
9,7.786418520527859e-05,-0.11394795902495393,-0.3583761082594493,0.0,15
10,0.0026160834218034172,0.2,-0.2,0.0,15
11,0.002117702944954836,-0.2708563899868248,2.593636363636364,0.0,15
12,0.00010030170010266735,5.929673665570452,4.021502656210473,0.0,15
13,-0.0051227670765550135,-0.8400885428593237,-0.7889168765743073,0.0,15
14,-0.0037759473703089523,0.06652744630071594,-0.03042959427207637,0.0,15
15,-0.0003902509184738889,-0.09743589743589733,-0.7292307692307692,0.0,15
16,-0.005292837490720181,0.3133499377334994,4.326363636363636,0.0,15
17,-0.0013671908295395108,-0.2564513376167903,-0.6842464584400068,0.0,15
18,0.00018386600784370263,0.08081081081081076,-0.5467567567567568,0.0,15
19,0.004974684224912984,-0.013389711064129672,3.1741204531902207,0.0,15
20,0.00545879140518024,-0.14596273291925455,-0.6428571428571428,0.0,15
21,0.002757343871815365,0.5371796610169489,2.9432,0.0,15
22,-0.002327139316124716,4.954029984399158,1.9265571109758568,0.0,15
23,0.0009971115994780178,-0.8659977942334961,-0.7458578856152513,0.0,15
1,-0.004907264415848434,-0.013895406843431268,-0.023610723032165826,0.0,16
2,0.00645866825339092,-0.247576879016478,-0.1558636130259492,0.0,16
3,0.001509208895455583,0.2518766104920396,0.16582744214336276,0.0,16
4,0.005962211195899236,-0.021852193426619596,0.07829151057970263,0.0,16
5,0.006679057946450184,0.0248900663092102,0.6601890922935372,0.0,16
6,-9.539363242516695e-05,-0.04239412122456399,-0.5275810998041183,0.0,16
7,-0.0026026244211329037,0.3439564407596307,-0.06286280617301432,0.0,16
8,-0.0011910122434201087,-0.4463624495984613,-0.6416377096238102,0.0,16
9,-0.0033464493168782194,0.3798450870926857,-0.049807275355336016,0.0,16
10,-0.003992761416765078,0.29550221322679193,0.993946884705584,0.0,16
11,0.0010907741233237012,-0.3287632913203109,-0.6207702210849214,0.0,16
12,0.003152959076075268,0.18654437992914885,0.6255658005029339,0.0,16
13,0.0005648639893076624,-0.19389414681530392,-0.3468777393905017,0.0,16
14,-0.0012774788237106538,-0.26296593735196594,-0.1500868466761408,0.0,16
15,-0.0013712859917635045,2.6626264666087764,0.31625638643752896,0.0,16
16,0.0011302729120326036,-0.7155247298475224,-0.7093404848442076,0.0,16
17,-0.0003159758478868957,0.6394542449173992,1.267330338715552,0.0,16
18,0.00021999751258783287,-0.20895071944547214,0.7403084172199614,0.0,16
19,-0.002537247896726158,0.18238373509913508,0.4635099378499785,0.0,16
20,-0.0021309362355994566,0.6902947421531733,-0.3506212290033006,0.0,16
21,-0.004830514498194383,-0.2265307291368349,1.5137751303052869,0.0,16
22,-0.004192511613152261,-0.2325176628049851,0.8752962085308056,0.0,16
23,0.002667455723121215,0.05893727285738781,-0.40777952517975735,0.0,16
24,0.004295628886573422,-0.22913294567046416,-0.05045515162057168,0.0,16
7,0.002750280223095425,0.19120176401490485,-0.2838502138381157,0.0,1
8,0.0006016384550859842,-0.2116747315063282,-0.4370977509259649,0.0,1
9,0.003969653148471418,0.043881163347875285,0.5583278367866809,0.0,1
10,0.003826599635726735,-0.05561580317475112,-0.021984237028387917,0.0,1
11,-0.001377893380108075,-0.06228737930371209,-0.17714776055365902,0.0,1
12,-0.0011965723487206148,0.04844737073773375,-0.27964228131806745,0.0,1
13,-0.001990742240089771,0.1454810944207623,-0.024290458291057467,0.0,1
14,0.002754785863376519,-0.12453485919188677,-0.5348824007534609,0.0,1
15,0.00041688894303493207,0.2957062167265665,0.4065624063821052,0.0,1
16,-0.0009277678660135623,-0.26790270031055285,-0.3119526225800027,0.0,1
17,0.00019422953229497608,-0.040449255947694,-0.07159788244533427,0.0,1
18,0.0030212497811872296,0.15234506358345046,0.99431946232476,0.0,1
19,0.001161335471155489,-0.09411337359590644,-0.2331428235286833,0.0,1
20,0.0029241001144020284,0.022498951820983715,0.3002388070548005,0.0,1
21,-0.0005207308568082604,-0.004316062363135864,0.04997585819835404,0.0,1
22,0.0003446648521483464,0.03580258110713297,-0.24476823189674424,0.0,1
23,-0.001710532446487889,-0.018684589361222304,0.5469923487168242,0.0,1
24,0.000327520698274908,-0.09291846284825768,-0.2070991763568344,0.0,1
25,-0.0009541228923704016,-0.033040722670696354,0.2586906173734136,0.0,1
26,0.0011295568422695634,0.02359448938228703,-0.3179749448693285,0.0,1
27,0.003026411021503028,0.3676258284211511,1.7300402356126074,0.0,1
28,0.0017096661049100792,0.03006167433214668,-0.1224672291754495,0.0,1
29,0.000670347351769518,-0.20436203740814007,0.1835242036377633,0.0,1
30,0.000977997673859754,0.02704990796492313,-0.1042321332081272,0.0,1
10,-7.751296734559432e-05,0.0763029791830605,-0.17812950190450594,0.0,17
11,0.003456125072539784,-0.2655900643537963,-0.4970744910120647,0.0,17
12,0.0013743517911273262,0.07359237127288831,-0.1156785096770595,0.0,17
13,0.00018196652208724015,0.05437402356262333,0.06361923221881227,0.0,17
14,-0.002574948314168157,-0.013095409867147969,0.0839963494940057,0.0,17
15,-0.002016677446087356,0.18168407804192266,0.0027312014751423863,0.0,17
16,0.0017928468221928284,-0.1890441637841611,-0.2952694089688557,0.0,17
17,-0.0012280666511811367,0.2787556586387201,-0.041868930893134586,0.0,17
18,-0.0009993067499949326,0.06468055227342172,-0.2195115222266452,0.0,17
19,-0.0008409718702034885,-0.044499283975327215,0.2423206467674253,0.0,17
20,0.0011522210245689113,-0.1161973562747982,-0.2731568421822793,0.0,17
21,-0.0009160865294485232,0.07825674557511597,0.41677921220916425,0.0,17
22,-0.0005365472880626276,0.11245212483579614,-0.4332260350078057,0.0,17
23,0.00013908355822755958,0.0006374195663509942,-0.0018455516980816489,0.0,17
24,0.002646706920734987,-0.1636239970027682,1.284429978335723,0.0,17
25,0.0006665667818464005,-0.11271124914190987,0.07113045470163781,0.0,17
26,-0.0013140725660819585,0.4725496434168777,-0.4984110418689398,0.0,17
27,0.0012098740789638909,-0.3419602048473389,0.07122757350433173,0.0,17
28,0.0016344292494292476,0.25010222959277684,0.3776636815920398,0.0,17
29,-0.0009828338545941897,-0.15196386335394751,0.013979010298397432,0.0,17
30,-0.0021125401585538888,0.460352401085526,0.11807052700559395,0.0,17
31,-0.00010177958708468271,-0.17121865708333414,0.17527118284136756,0.0,17
1,-0.0012247688788337152,-0.24724930673584397,-0.4145272385723231,0.0,18
2,-0.0037011361035388384,-0.0637686159507791,1.073083778966132,0.0,18
3,-0.0012836150612043349,0.12892620504779706,-0.38091143594153054,0.0,18
4,-0.0009408817834859473,-0.2021693121693121,-0.014444444444444482,0.0,18
5,0.001847020964640178,0.08314543404735053,-0.6389515219842165,0.0,18
6,-0.009813277634730166,-0.25222893298820825,1.029664324746292,0.0,18
7,-0.002473443552573729,-0.050429864253393686,-0.15038461538461534,0.0,18
8,0.0028320146694287285,-0.12048114854814708,-0.637845178813943,0.0,18
9,-0.0016718557598941475,0.16070652173913036,2.81375,0.0,18
10,0.0019514249613932226,-0.2461488036709275,-0.8361193051458538,0.0,18
11,4.028359651941926e-05,0.88625,2.0180000000000002,0.0,18
12,-0.0009936220208121016,-0.1994698475811796,-0.3996023856858847,0.0,18
13,-0.0008178653512723733,0.32450331125827825,-0.11699779249448128,0.0,18
14,-0.0006938185008850128,-0.2857142857142857,0.25,0.0,18
15,0.00015249413484097474,0.28333333333333344,0.10000000000000007,0.0,18
16,-0.0002662183932952145,0.2,0.0,0.0,18
17,0.0004462387334140949,-0.29292929292929304,0.2727272727272727,0.0,18
18,-0.0014250247683097461,0.12804511278195507,1.3814285714285712,0.0,18
19,-0.0007730825425197319,-0.33988202359528097,-0.5830833833233353,0.0,18
20,-0.0032073646251721266,0.36027525805442595,1.6071942446043166,0.0,18
21,0.0010568191558557594,0.08677599074950071,-0.0077262693156733295,0.0,18
0,-0.00426941226801647,0.3215377268385866,0.4683752520428739,0.0,19
1,-0.0002627448444028069,-0.3549995885685626,-0.6430997723412712,0.0,19
2,-0.004117420466739685,0.7353273972521681,0.6098820432339391,0.0,19
3,0.0010674576091505015,-0.26294146105466865,-0.12893081761006284,0.0,19
4,0.004317539490950485,-0.011440904096688076,-0.0005776173285199082,0.0,19
5,-0.0015871057318386226,-0.4889118076419095,-0.6777922265568559,0.0,19
6,0.000482528149682082,1.1489910313901346,3.0015695067264567,0.0,19
7,0.00035983470128275735,-0.15952260884182212,-0.2996021740348518,0.0,19
8,0.002029022797991109,-0.1621818181818182,-0.1808,0.0,19
9,0.0006524292573679702,-0.3412081068840579,-0.483447265625,0.0,19
10,0.0004847757422707932,0.8889957879457382,2.230456564892712,0.0,19
11,-0.001468455757824061,-0.3594116967620221,-0.17483540599853695,0.0,19
12,-0.0011208053459287326,0.0040764724020969645,-0.3922695035460992,0.0,19
13,0.0002446061760270624,0.04629015957036864,-0.3972458863344615,0.0,19
14,-0.0016306043721605599,0.6982575024201356,0.40987415295256535,0.0,19
15,-0.0003198959313600591,-0.3634818731117825,0.15730568525130462,0.0,19
16,-0.0013610729255284506,1.9444221473816463,0.8770691189557995,0.0,19
17,-0.002936325398192774,-0.2623912173125145,0.3016625576837979,0.0,19
18,3.613607360142268e-05,-0.26295582972817666,0.220217570783352,0.0,19
19,-0.003949786855779958,0.2643527419813674,0.637718652365127,0.0,19
20,-0.002301443971954864,-0.34494389172906803,-0.3992490613266583,0.0,19
21,-3.876827827253848e-05,0.5704994129192806,1.457787216828479,0.0,19
22,-0.002423643820749,-0.2159518639794642,-0.3121888193032845,0.0,19
23,0.0044747691636219935,0.23371019161904785,0.6703319055253776,0.0,19
4,-0.0006899871338059692,-0.14491387437277425,-0.1736218018518657,0.0,21
5,-0.004637531407221784,0.4270742025443529,-0.4527349099198286,0.0,21
6,0.003590630037684228,-0.32255144771987376,-0.4377177016074952,0.0,21
7,0.003567424681120368,-0.1645272739755348,-0.11538181950350745,0.0,21
8,-0.000120253202201992,0.14637027648121004,-0.1099133060788463,0.0,21
9,-0.0009659592544057904,0.005242654665978952,-0.013822292232858469,0.0,21
10,0.0028277980741717727,-0.22279227734680385,-0.23713442337116,0.0,21
11,0.00253668341822455,0.5270038615616854,0.6459379134469734,0.0,21
12,-0.0006246281023530863,-0.10125055529901196,-0.18410868516762469,0.0,21
13,0.0008424427410216317,0.2613293650510351,0.107846468846289,0.0,21
14,-0.0012005665310864664,0.0676668859872811,-0.4083346006820484,0.0,21
15,9.472442294411464e-05,-0.12761127209841128,-0.035780879687717815,0.0,21
16,0.0017019740438410926,0.031074859513360312,-0.07062980349986214,0.0,21
17,0.0011827451904236064,0.095203904825367,-0.210626619540962,0.0,21
18,-0.0009719186384500312,-0.3822671464487357,-0.16557551719253294,0.0,21
19,-0.001003109303470029,0.10176260763923528,-0.049836510853760285,0.0,21
20,0.001984885788856694,0.00946407137152483,-0.1334488196316349,0.0,21
21,-0.0007090597902038588,-0.17775798498690076,-0.076592082616179,0.0,21
22,-0.0008756078731610994,0.38780969934931303,1.1415618204411309,0.0,21
23,-0.0012347487276074265,-0.14500236438656455,-0.509215858711321,0.0,21
24,-0.0003978119141485603,0.3442618840897156,0.8819666377256017,0.0,21
25,-0.00461995783727176,-0.09535397679429758,0.9538313546303612,0.0,21
26,-0.008335104032829999,-0.31781412194540304,-0.12069862019246468,0.0,21
27,-0.013047809223632691,0.1744213160890815,1.9427937231644716,0.0,21
0,0.0020667600173658322,-0.6084340144552511,-0.527420362273579,0.0,22
1,0.007964553584797862,0.17428170560605127,-0.12767644726407612,0.0,22
2,-0.0008040569425670219,0.5867003367003367,0.0984848484848484,0.0,22
3,0.0015829523998245332,-0.5834482758620689,-0.3751724137931034,0.0,22
4,-0.004134835665621672,-0.0023651844843897147,-0.22406181015452545,0.0,22
5,-0.001998261952015912,-0.09189189189189184,0.08108108108108114,0.0,22
6,0.00014562223400726992,0.37299771167048057,0.26315789473684204,0.0,22
7,-0.0009023525620368569,0.16125000000000012,0.1612499999999999,0.0,22
8,-0.0011909901594434613,1.0314095663934202,0.14818801578758525,0.0,22
9,-0.001356810605919634,-0.4898255813953488,0.6875,0.0,22
10,0.00130688903452425,-0.033068783068783025,-0.8425925925925926,0.0,22
1,0.01909339103246688,-0.619040450503192,-0.4013492793621588,0.0,25
2,0.006042166776253355,0.3238110849298228,-0.054420653621555126,0.0,25
3,0.002354311152361621,-0.0234117439474002,0.11863745693297802,0.0,25
4,-0.013650523080114607,-0.4193608518399313,0.19814427398109413,0.0,25
5,0.0018778057884176746,0.1676429958485801,-0.9191631772104828,0.0,25
4,0.00584331841443131,0.6704871573927498,0.5371022512891461,0.0,26
5,0.0009918771593564466,-0.3775304177065009,-0.6784764554269116,0.0,26
6,-0.003888035436122594,0.6882280891774435,0.10747762650040292,0.0,26
7,0.0014772240017482119,-0.2941863582398223,0.30833748228715874,0.0,26
8,0.002406808916236347,0.3105392183332074,-0.11193724020841866,0.0,26
9,0.00047761037057481037,-0.3282464820407377,-0.4847715736040609,0.0,26
10,-0.0029491401786641003,-0.0007362535914700041,1.2641545646471757,0.0,26
11,-0.0019159879153035628,1.0503396948179902,1.3023367522816534,0.0,26
12,-0.006207811435928412,-0.4235182600435049,-0.5755258830171079,0.0,26
13,-0.0005446820644791073,0.21247115498303934,0.00766183826293121,0.0,26
14,-0.0050666574897394465,0.15942279630159814,0.7155686904625274,0.0,26
15,-0.0007661739277797787,-0.5398496854438442,-0.8508303925339934,0.0,26
16,0.004912665074976674,0.15801193084594178,1.1001233322121315,0.0,26
17,-0.0005425419486001504,6.023638647707228,2.2164326517537773,0.0,26
18,-0.0007882125967486607,-0.8823163484236272,-0.8895214699487112,0.0,26
19,0.0004799316880019777,0.021131212537462533,0.7092848557692308,0.0,26
20,-0.004338038025471058,1.231333349571266,1.4052034807066889,0.0,26
21,-0.0042898621407657656,-0.3604736149685719,-0.3604736149685719,0.0,26
22,0.0044865999550840465,-0.2146125000000001,-0.0916,0.0,26
23,0.005686823676587682,-0.07490182334492579,-0.19053909542681013,0.0,26
24,0.003974483282073393,0.34565352542876826,0.473811004041032,0.0,26
25,-0.0021240781017219934,-0.1945330872660164,-0.3433693646190351,0.0,26
26,0.003252443105941527,0.5417971573114913,1.0557295430819882,0.0,26
27,-0.0020605166931114693,-0.3182146990740741,0.1044921875,0.0,26
0,-0.0038441770276793634,0.5514670223084384,0.7147793404461689,0.0,25
1,-0.0076344395971809096,-0.11244564641001176,0.18340580478665114,0.0,25
2,-0.005256829918410144,0.2803908096472345,0.9434503360716952,0.0,25
3,6.660379184153521e-05,0.16655943469353265,-0.8078607989916535,0.0,25
4,-0.0003627326891613159,-0.4872000000000001,-0.4872,0.0,25
5,0.001009457633661226,0.5880614171935299,3.3104524180967236,0.0,25
6,0.0010073879204250957,-0.2623301418089691,-0.7864639884183858,0.0,25
7,-3.105336275222026e-05,2.136553672316384,3.2771186440677966,0.0,25
